Trait,ID,Significant Mediators,Divergent,LD between QTL,Fine Mapping LD Structure,Candidate Genes,NIL/RIL Splits,PxG Split,QTL Status,Genomic Inflation,PxG MAF,Created time,log10p,h2,peak_id,Algorithm,CHROM,Triaged by,Reviewed by,Assigned to,Notes
length_Chlorothalonil,II:13921653,Pending,False,False,<250kb,mltn-5,CB4856 x N2,Moderate,Reviewed,False,>=20,"April 26, 2023 6:03 AM",4.32592920430634,0.1649324435901999,2,LOCO,II,Amanda,,,
length_Benomyl,X:3277728,Pending,False,False,<250kb,Pending,No Splits,Weak,Reviewed,False,<20,"April 26, 2023 6:03 AM",5.349132239010824,0.23183090940124565,4,LOCO,X,Tom,,Tom,
length_Zoetis_0007437,IV:10024033,Pending,False,False,250..500kb,MANY,No Splits,Strong,Reviewed,True,>=20,"April 26, 2023 6:03 AM",5.002218823054956,0.4437115968631445,1,LOCO,IV,Ryan McKeown,,,
CV_length_Nickel_dichloride,II:11559622,Pending,False,False,250..500kb,No clear candidate,No Splits,Moderate,Reviewed,False,<20,"April 26, 2023 6:03 AM",6.81373603765754,0.18976748070834037,2,INBRED,II,Ryan McKeown,,,
length_Eprinomectin,III:2760837,Pending,False,False,<250kb,"Y71H2AM.1, gip-1, rbc-2, swsn-3",CB4856 x N2,Moderate,Reviewed,True,>=20,"April 26, 2023 6:03 AM",5.170245438342806,0.14180025756326045,1,INBRED,III,Faruk Dube,,,
CV_length_Nickel_dichloride,III:12685072,Pending,False,False,<250kb,No clear candidate,CB4856 x N2,Strong,Reviewed,False,>=20,"April 26, 2023 6:03 AM",5.874216297407019,0.18976748070834037,3,INBRED,III,Ryan McKeown,,,
length_Arsenic_trioxide,II:13692527,Pending,False,False,<250kb,To Review,No Splits,Moderate,Reviewed,True,<20,"April 26, 2023 6:03 AM",5.340565877679916,0.06594098152796501,1,INBRED,II,Ryan McKeown,,,
CV_length_Albendazole,IV:1534175,Pending,False,False,<250kb,No clear candidate,No Splits,Weak,Reviewed,False,<20,"April 26, 2023 6:03 AM",4.160946398427649,0,1,LOCO,IV,Tom,Erik Andersen,Robyn Tanny,
length_Nickel_dichloride,II:12203935,Pending,False,False,250..500kb,No clear candidate,No Splits,Moderate,Reviewed,False,<20,"April 26, 2023 6:03 AM",4.696343963745943,0.30129619995412726,1,INBRED,II,Ryan McKeown,,,
length_Ivermectin_0_008,II:12809783,Pending,False,False,<250kb,"Y46G5A.2, spds-1",No Splits,Moderate,Reviewed,True,<20,"April 26, 2023 6:03 AM",4.358821468952389,0.09806749148986936,1,LOCO,II,JB,,,
CV_length_Silver_nitrate_250,III:1134910,Pending,False,False,<250kb,MANY,No Splits,Moderate,Reviewed,True,<20,"April 26, 2023 6:03 AM",4.797002489289888,0.15628702879059495,1,INBRED,III,Ryan McKeown,,,
length_Methyl_mercury,III:3716201,Pending,False,False,<250kb,dph-1,No Splits,Moderate,Reviewed,True,>=20,"April 26, 2023 6:03 AM",4.825376237568197,0.1985170689392653,6,INBRED,III,Erik Andersen,,,
CV_length_Abamectin,IV:8674308,Pending,False,True,<250kb,No clear candidate,CB4856 x N2,Strong,Reviewed,True,>=20,"April 26, 2023 6:03 AM",4.804629014750004,0.07417559036903598,1,INBRED,IV,Faruk Dube,,,
length_Eprinomectin,IV:13317070,Pending,False,False,<250kb,"K09B11.5, Y62E10A.1, ben-1, nol-9, scl-7, unc-26",No Splits,Moderate,Reviewed,False,<20,"April 26, 2023 6:03 AM",4.453056539399415,0.14180025756326045,1,LOCO,IV,Faruk Dube,,,
length_Eprinomectin,V:19724791,Pending,False,False,250..500kb,"M162.5, Y113G7B.1, Y116F11A.3, Y43F8C.1, Y60A3A.8, srv-3",No Splits,Weak,Reviewed,True,<20,"April 26, 2023 6:03 AM",4.431763064294384,0.14180025756326045,3,INBRED,V,Faruk Dube,,,
CV_length_Carbaryl,II:2705811,Pending,False,False,<250kb,No clear candidate,No Splits,Weak,Reviewed,False,<20,"April 26, 2023 6:03 AM",4.500684150399669,0.07116785633564911,2,LOCO,II,Nicolas Moya,,,
CV_length_Zinc_dichloride,II:13790733,Pending,False,False,<250kb,exc-15,No Splits,Weak,Reviewed,False,<20,"April 26, 2023 6:03 AM",4.70349934638825,0.046307508705592665,1,LOCO,II,Erik Andersen,,,
length_Selamectin,X:2965355,Pending,False,False,<250kb,"irg-7, pqn-37",No Splits,Weak,Reviewed,True,<20,"April 26, 2023 6:03 AM",4.357001596156081,0.09859771787844818,3,LOCO,X,Nicolas Moya,,,
CV_length_Methyl_mercury,III:3228490,Pending,False,False,<250kb,Y53G8AL.1,No Splits,Strong,Reviewed,False,>=20,"April 26, 2023 6:03 AM",5.768642565817836,0.08233118776580686,1,LOCO,III,Erik Andersen,,,
CV_length_Copper_chloride,III:3438738,Pending,False,False,<250kb,phf-15,No Splits,Moderate,Reviewed,False,>=20,"April 26, 2023 6:03 AM",4.724198181266991,0.22472778565302468,1,LOCO,III,Tim Crombie,,,
CV_length_Aldicarb,II:10419663,Pending,False,False,<250kb,"ctg-2, pqn-73, pro-1",No Splits,Weak,Reviewed,True,<20,"April 26, 2023 6:03 AM",4.597179984087328,0.21327523512538066,1,LOCO,II,Robyn Tanny,,,
length_Paraquat_62_5,I:11258815,Pending,False,False,<250kb,F16C3.1,No Splits,Moderate,Reviewed,False,<20,"April 26, 2023 6:03 AM",4.32619880184801,0.08466600189713946,2,INBRED,I,Nicolas Moya,,,
CV_length_Milbemycin,X:12810959,Pending,False,False,250..500kb,No clear candidate,No Splits,Moderate,Reviewed,True,>=20,"April 26, 2023 6:03 AM",6.660771228957054,0.20258008476260717,3,LOCO,X,Erik Andersen,,,
CV_length_Bacterial_dilution,V:15261048,Pending,False,False,<250kb,Pending,No Splits,Strong,Reviewed,False,<20,"April 26, 2023 6:03 AM",4.918235163612756,0.22857543749744808,4,INBRED,V,Erik Andersen,,,
length_Selamectin,IV:15165426,Pending,False,False,<250kb,No clear candidate,No Splits,Weak,Reviewed,True,>=20,"April 26, 2023 6:03 AM",4.796575445005726,0.09859771787844818,5,INBRED,IV,Nicolas Moya,,,
CV_length_Cadmium_dichloride,V:16750191,Pending,False,False,<250kb,Y32B12B.4,No Splits,Moderate,Reviewed,False,<20,"April 26, 2023 6:03 AM",4.30701215609043,0,1,LOCO,V,Tim Crombie,,,
length_Aldicarb,IV:13208614,Pending,False,False,<250kb,No clear candidate,No Splits,Weak,Reviewed,False,<20,"April 26, 2023 6:03 AM",4.381637023154608,0.17415020467427314,3,INBRED,IV,Robyn Tanny,,,
length_Benomyl,III:12667858,Pending,False,False,>500kb,Pending,No Splits,Weak,Reviewed,False,<20,"April 26, 2023 6:03 AM",4.423622940045015,0.23183090940124565,2,LOCO,III,Tom,,Tom,
CV_length_Copper_chloride,V:15665361,Pending,True,False,<250kb,"Y6E2A.5, nhr-196, twk-34",No Splits,Moderate,Reviewed,False,>=20,"April 26, 2023 6:03 AM",5.131713605419519,0.22472778565302468,4,LOCO,V,Tim Crombie,,,
length_Paraquat_62_5,I:3282224,Pending,False,False,<250kb,No clear candidate,CB4856 x N2,Moderate,Reviewed,False,<20,"April 26, 2023 6:03 AM",4.619058310531713,0.08466600189713946,1,LOCO,I,Nicolas Moya,,,
length_Methyl_mercury,III:2461452,Pending,False,False,<250kb,No clear candidate,No Splits,Moderate,Reviewed,True,>=20,"April 26, 2023 6:03 AM",6.200826996446796,0.1985170689392653,5,INBRED,III,Erik Andersen,,,
CV_length_Methyl_mercury,IV:14347412,Pending,False,False,<250kb,oac-56,CB4856 x N2,Weak,Reviewed,False,<20,"April 26, 2023 6:03 AM",4.195092198836779,0.08233118776580686,2,INBRED,IV,Erik Andersen,,,
length_Ricobendazole,III:12667858,Pending,False,False,<250kb,No clear candidate,No Splits,Moderate,Reviewed,True,>=20,"April 26, 2023 6:03 AM",4.706805449182622,0.23194182932967927,2,LOCO,III,JB,,,
length_Benomyl,X:841819,Pending,False,False,<250kb,igcm-1,No Splits,Weak,Reviewed,True,<20,"April 26, 2023 6:03 AM",4.9561349389763345,0.23183090940124565,6,INBRED,X,Tom,,Tom,
length_Zinc_dichloride,I:5356605,Pending,False,False,>500kb,MANY,No Splits,Weak,Reviewed,False,<20,"April 26, 2023 6:03 AM",5.093186743292328,0.08074975906374901,1,LOCO,I,Erik Andersen,,,
length_Emodepside,V:18505995,Pending,False,False,<250kb,No clear candidate,No Splits,Weak,Reviewed,False,<20,"April 26, 2023 6:03 AM",5.227478798395575,0.33574647958222187,3,LOCO,V,Tom,,Tom,
length_Aldicarb,IV:3365565,Pending,False,False,<250kb,No clear candidate,No Splits,Weak,Reviewed,False,<20,"April 26, 2023 6:03 AM",4.262710327976171,0.17415020467427314,3,LOCO,IV,Robyn Tanny,,,
length_Milbemycin,X:12255554,Pending,False,False,>500kb,oct-2,No Splits,Moderate,Reviewed,True,>=20,"April 26, 2023 6:03 AM",6.099135493028516,0.14316307258451832,2,LOCO,X,Erik Andersen,,,
CV_length_Atrazine,II:13195836,Pending,False,False,<250kb,W09H1.4,No Splits,Moderate,Reviewed,False,>=20,"April 26, 2023 6:03 AM",4.428691881958448,0.09751184746872321,2,INBRED,II,Robyn Tanny,,,
length_Selamectin,III:12421879,Pending,False,False,<250kb,No clear candidate,No Splits,Weak,Reviewed,True,<20,"April 26, 2023 6:03 AM",6.7181238737389215,0.09859771787844818,1,LOCO,III,Nicolas Moya,,,
length_Carbaryl,I:2596756,Pending,False,False,<250kb,"K07A3.3, Y23H5A.2, ptr-12",No Splits,Moderate,Reviewed,False,>=20,"April 26, 2023 6:03 AM",4.308662075655567,0.1371235441700857,1,INBRED,I,Nicolas Moya,,,
length_Milbemycin,X:4938362,Pending,False,False,<250kb,arrd-23,No Splits,Weak,Reviewed,True,>=20,"April 26, 2023 6:03 AM",5.4386016318574315,0.14316307258451832,1,LOCO,X,Erik Andersen,,,
length_Ricobendazole,X:3277728,Pending,False,False,<250kb,K09C4.1,No Splits,Moderate,Reviewed,True,<20,"April 26, 2023 6:03 AM",5.657634570860261,0.23194182932967927,3,LOCO,X,JB,,,
length_Atrazine,II:12658388,Pending,False,False,<250kb,"Y38E10A.2, Y38E10A.3, cox-10",No Splits,Moderate,Reviewed,False,<20,"April 26, 2023 6:03 AM",4.265580244369966,0.10353077035140465,1,INBRED,II,Robyn Tanny,,,
length_Propoxur,V:5315004,Pending,False,False,<250kb,No clear candidate,No Splits,Moderate,Reviewed,False,>=20,"April 26, 2023 6:03 AM",5.21891345110117,0.10443201161836727,1,INBRED,V,Tom,,Tom,
CV_length_Selamectin,X:12111177,Pending,False,False,<250kb,No clear candidate,No Splits,Moderate,Reviewed,True,>=20,"April 26, 2023 6:03 AM",6.150301179652759,0.2307745627185138,1,LOCO,X,Nicolas Moya,,,
length_Mebendazole,X:1151514,Pending,False,False,<250kb,No clear candidate,No Splits,Weak,Reviewed,True,>=20,"April 26, 2023 6:03 AM",4.361481791044959,0.18566611813560524,1,LOCO,X,JB,,,
CV_length_Atrazine,II:12625042,Pending,False,False,<250kb,"Y38E10A.2, Y38E10A.3, cox-10",No Splits,Moderate,Reviewed,False,<20,"April 26, 2023 6:03 AM",5.669996361770021,0.09751184746872321,1,INBRED,II,Robyn Tanny,,,
CV_length_Nickel_dichloride,V:16594021,Pending,False,False,<250kb,Y32B12B.4,No Splits,Moderate,Reviewed,False,<20,"April 26, 2023 6:03 AM",4.452648722780037,0.18976748070834037,4,LOCO,V,Ryan McKeown,,,
length_Benomyl,II:2222527,Pending,False,False,250..500kb,Pending,No Splits,Weak,Reviewed,False,<20,"April 26, 2023 6:03 AM",6.421445594595336,0.23183090940124565,1,LOCO,II,Tom,,Tom,
length_Zoetis_7027187,X:13180184,Pending,False,False,<250kb,No clear candidate,No Splits,Moderate,Reviewed,True,<20,"April 26, 2023 6:03 AM",4.839840717393917,0.16924441721357245,2,LOCO,X,JB,,,
length_Silver_nitrate_7_8,II:11883855,Pending,False,False,<250kb,"ZK930.7, npp-3",No Splits,Strong,Reviewed,False,<20,"April 26, 2023 6:03 AM",4.80432723581206,0.07080041260124359,3,INBRED,II,Ryan McKeown,,,
CV_length_Atrazine,II:12625042,Pending,False,False,<250kb,"Y38E10A.2, Y38E10A.3, cox-10",No Splits,Moderate,Reviewed,False,<20,"April 26, 2023 6:03 AM",4.507714662089754,0.09751184746872321,1,LOCO,II,Robyn Tanny,,,
CV_length_Chlorothalonil,X:10975324,Pending,False,False,<250kb,No clear candidate,CB4856 x N2,Moderate,Reviewed,False,>=20,"April 26, 2023 6:03 AM",5.991795983246175,0.031364361223774645,1,INBRED,X,Amanda,,,
CV_length_Carbaryl,V:12933139,Pending,False,False,<250kb,"T16G1.6, T16G1.7, nid-1, pqn-67",No Splits,Weak,Reviewed,False,<20,"April 26, 2023 6:03 AM",4.202070785604614,0.07116785633564911,3,INBRED,V,Nicolas Moya,,,
length_Methomyl,X:9289345,F10G8.9,False,False,<250kb,To Review,No Splits,Moderate,Reviewed,True,>=20,"April 26, 2023 6:03 AM",4.912665880305967,0.4338239901753886,2,LOCO,X,Erik Andersen,,,
CV_length_Carboxin,I:12291645,Pending,False,False,<250kb,F56H6.4,No Splits,Moderate,Reviewed,False,<20,"April 26, 2023 6:03 AM",4.248281433775777,0.10596910007963467,1,LOCO,I,Nicolas Moya,,,
CV_length_Carbaryl,I:1425639,Pending,False,False,<250kb,"F37F2.2, Y48G8AR.2, Y73E7A.3, grh-1",No Splits,Weak,Reviewed,False,<20,"April 26, 2023 6:03 AM",5.082970532148652,0.07116785633564911,1,LOCO,I,Nicolas Moya,,,
CV_length_Monepantel_LY3348298_0_023,V:488377,Pending,True,False,<250kb,No clear candidate,No Splits,Weak,Reviewed,True,<20,"April 26, 2023 6:03 AM",4.883631383015262,0.24814432241043144,2,LOCO,V,JB,,,
length_Methyl_mercury,II:3977000,Pending,False,False,<250kb,gadr-4,No Splits,Moderate,Reviewed,True,>=20,"April 26, 2023 6:03 AM",5.183042539158777,0.1985170689392653,4,INBRED,II,Erik Andersen,,,
CV_length_Selamectin,III:12421879,Pending,False,False,<250kb,No clear candidate,No Splits,Moderate,Reviewed,True,<20,"April 26, 2023 6:03 AM",5.8459261600372825,0.2307745627185138,3,INBRED,III,Nicolas Moya,,,
CV_length_Monepantel_LY3348298_0_55,III:678595,Pending,False,False,<250kb,No clear candidate,No Splits,Moderate,Reviewed,True,<20,"April 26, 2023 6:03 AM",5.282978094877351,0.08189933535357004,1,LOCO,III,JB,,,
CV_length_Paraquat_250,III:3548229,Pending,False,False,>500kb,No clear candidate,CB4856 x N2,Moderate,Reviewed,False,>=20,"April 26, 2023 6:03 AM",5.390856124805443,0.10307997867592296,1,LOCO,III,Nicolas Moya,,,
CV_length_Milbemycin,III:1921463,Pending,False,False,<250kb,No clear candidate,No Splits,Weak,Reviewed,True,<20,"April 26, 2023 6:03 AM",5.362454236104868,0.20258008476260717,1,LOCO,III,Erik Andersen,,,
CV_length_Thiabendazole,V:18040094,Pending,False,False,<250kb,No clear candidate,No Splits,Moderate,Reviewed,False,>=20,"April 26, 2023 6:03 AM",4.328322779723392,0.013061552280705605,1,INBRED,V,JB,,,
length_Cadmium_dichloride,X:15566116,Pending,False,False,<250kb,No clear candidate,No Splits,Moderate,Reviewed,True,>=20,"April 26, 2023 6:03 AM",4.621685695156212,0.306634077581847,3,LOCO,X,Tim Crombie,,,
length_Benomyl,X:1151514,Pending,False,False,<250kb,Pending,CB4856 x N2,Weak,Reviewed,False,>=20,"April 26, 2023 6:03 AM",4.393560589506147,0.23183090940124565,3,LOCO,X,Tom,,Tom,
CV_length_Silver_nitrate_250,V:352238,Pending,False,False,<250kb,daam-1,No Splits,Moderate,Reviewed,True,>=20,"April 26, 2023 6:03 AM",4.183561157528814,0.15628702879059495,4,INBRED,V,Ryan McKeown,,,
length_Aldicarb,III:8311919,Pending,False,False,<250kb,F10E9.3,No Splits,Weak,Reviewed,False,<20,"April 26, 2023 6:03 AM",6.191420404731368,0.17415020467427314,1,INBRED,III,Robyn Tanny,,,
CV_length_Aldicarb,X:14665832,Pending,False,False,<250kb,C26G2.2,No Splits,Strong,Reviewed,True,<20,"April 26, 2023 6:03 AM",4.263001480992039,0.21327523512538066,2,LOCO,X,Robyn Tanny,,,
CV_length_Nickel_dichloride,V:16594021,Pending,False,False,<250kb,Y32B12B.4,No Splits,Moderate,Reviewed,False,<20,"April 26, 2023 6:03 AM",4.92837201882953,0.18976748070834037,5,INBRED,V,Ryan McKeown,,,
length_Copper_chloride,V:5054169,Pending,False,False,<250kb,"Y58A7A.4, Y58A7A.5, mlk-1",No Splits,Moderate,Reviewed,False,<20,"April 26, 2023 6:03 AM",5.044870987571743,0.37150729440603497,2,LOCO,V,Tim Crombie,,,
length_Silver_nitrate_250,X:5924584,Pending,False,False,<250kb,sups-1,CB4856 x N2,Moderate,Reviewed,True,>=20,"April 26, 2023 6:03 AM",4.242317825949599,0.4398484622189429,2,LOCO,X,Ryan McKeown,,,
CV_length_Selamectin,III:11884785,Pending,False,False,<250kb,ntl-3,CB4856 x N2,Moderate,Reviewed,True,>=20,"April 26, 2023 6:03 AM",4.728258269453543,0.2307745627185138,2,INBRED,III,Nicolas Moya,,,
length_Milbemycin,II:13495835,Pending,False,False,<250kb,No clear candidate,CB4856 x N2,Moderate,Reviewed,True,>=20,"April 26, 2023 6:03 AM",4.469109055681028,0.14316307258451832,2,INBRED,II,Erik Andersen,,,
length_Cadmium_dichloride,X:5955567,Pending,False,False,<250kb,"F49E10.2, R07E4.5",No Splits,Moderate,Reviewed,True,>=20,"April 26, 2023 6:03 AM",5.755866430441267,0.306634077581847,1,LOCO,X,Tim Crombie,,,
length_Chlorothalonil,III:1455164,Pending,False,False,<250kb,No clear candidate,CB4856 x N2,Moderate,Reviewed,False,>=20,"April 26, 2023 6:03 AM",4.4947740267951195,0.1649324435901999,4,INBRED,III,Amanda,,,
CV_length_Nickel_dichloride,II:12203935,Pending,False,False,<250kb,"C50E10.2, Y57A10A.2, sre-53",No Splits,Moderate,Reviewed,False,<20,"April 26, 2023 6:03 AM",4.720926510426056,0.18976748070834037,2,LOCO,II,Ryan McKeown,,,
CV_length_Carboxin,I:12291645,Pending,False,False,<250kb,F56H6.4,No Splits,Moderate,Reviewed,False,<20,"April 26, 2023 6:03 AM",4.821863693513906,0.10596910007963467,1,INBRED,I,Nicolas Moya,,,
length_Selamectin,II:6929277,Pending,False,False,<250kb,"F41G3.5, T19D12.1, egl-27, fis-1",CB4856 x N2,Weak,Reviewed,True,>=20,"April 26, 2023 6:03 AM",5.329591780840009,0.09859771787844818,1,INBRED,II,Nicolas Moya,,,
CV_length_Paraquat_62_5,II:12486138,Pending,False,False,<250kb,No clear candidate,No Splits,Moderate,Reviewed,True,<20,"April 26, 2023 6:03 AM",5.082519698113863,0.20085209530843107,1,INBRED,II,Nicolas Moya,,,
length_Doramectin,X:4938362,Pending,False,False,250..500kb,"C24H10.2, C24H10.4, H28G03.2, K05B2.4, T07F12.1, ZC449.2, ZC449.5, lfi-1, tbc-17, vps-41",No Splits,Moderate,Reviewed,True,>=20,"April 26, 2023 6:03 AM",4.359123207103022,0.07734324885463573,3,INBRED,X,Faruk Dube,,,
CV_length_Arsenic_trioxide,II:4312168,Pending,False,False,<250kb,plep-1,CB4856 x N2,Moderate,Reviewed,False,<20,"April 26, 2023 6:03 AM",4.205753217599771,0.03154115538575336,1,INBRED,II,Ryan McKeown,,,
length_Triphenyl_phosphate_6_25,IV:16034033,Pending,False,False,<250kb,No clear candidate,No Splits,Weak,Reviewed,True,<20,"April 26, 2023 6:03 AM",5.63611173879047,0.11688874239184248,1,INBRED,IV,Erik Andersen,,,
length_Milbemycin,II:3406415,Pending,True,False,<250kb,nep-8,No Splits,Moderate,Reviewed,True,>=20,"April 26, 2023 6:03 AM",4.29368256738514,0.14316307258451832,1,INBRED,II,Erik Andersen,,,
length_Chlorothalonil,II:5392976,Pending,False,False,<250kb,"EEED8.1, F07F6.7, ZK177.1",CB4856 x N2,Moderate,Reviewed,False,>=20,"April 26, 2023 6:03 AM",7.94272577451758,0.1649324435901999,2,INBRED,II,Amanda,,,
CV_length_Cry5B,II:13996980,Pending,False,False,<250kb,FO1D5.1,No Splits,Moderate,Reviewed,True,>=20,"April 26, 2023 6:03 AM",4.964302162738101,0.29112864045944936,2,LOCO,II,JB,,,
CV_length_Emodepside,V:890497,Pending,False,False,>500kb,"H24K24.2, K10C9.1, Y50D4C.5, fbxb-72, pei-2",No Splits,Moderate,Reviewed,False,<20,"April 26, 2023 6:03 AM",4.185251123518114,0.1857851377339293,6,INBRED,V,Amanda,,,
length_Milbemycin,X:4938362,Pending,False,False,250..500kb,arrd-23,No Splits,Weak,Reviewed,True,>=20,"April 26, 2023 6:03 AM",5.7602801971182975,0.14316307258451832,5,INBRED,X,Erik Andersen,,,
CV_length_Nickel_dichloride,III:12685072,Pending,False,False,<250kb,To Review,CB4856 x N2,Strong,Reviewed,False,>=20,"April 26, 2023 6:03 AM",4.160462877510271,0.18976748070834037,3,LOCO,III,Ryan McKeown,,,
length_Aldicarb,IV:2368192,Pending,False,False,<250kb,eri-5,No Splits,Weak,Reviewed,False,<20,"April 26, 2023 6:03 AM",4.897871711392456,0.17415020467427314,2,LOCO,IV,Robyn Tanny,,,
length_Carboxin,III:2527992,Pending,True,False,<250kb,No clear candidate,CB4856 x N2,Weak,Reviewed,False,>=20,"April 26, 2023 6:03 AM",4.458571787002305,0.07582711586204839,1,LOCO,III,Nicolas Moya,,,
length_Pyraclostrobin,IV:10246479,Pending,False,True,<250kb,No clear candidate,No Splits,Moderate,Reviewed,True,<20,"April 26, 2023 6:03 AM",4.702169482334892,0.274260618872225,3,LOCO,IV,Tim Crombie,,,
CV_length_Milbemycin,IV:4005014,Pending,False,False,<250kb,clec-78,No Splits,Moderate,Reviewed,True,>=20,"April 26, 2023 6:03 AM",4.222555052175829,0.20258008476260717,2,INBRED,IV,Erik Andersen,,,
length_Benomyl,X:15508296,Pending,False,False,<250kb,No clear candidate,CB4856 x N2,Weak,Reviewed,False,>=20,"April 26, 2023 6:03 AM",4.186480390718826,0.23183090940124565,5,LOCO,X,Tom,,Tom,
length_Triphenyl_phosphate_50,IV:6564201,Pending,False,False,250..500kb,T22D1.8,No Splits,Moderate,Reviewed,True,<20,"April 26, 2023 6:03 AM",5.407432442381356,0.33723945876831407,2,LOCO,IV,Erik Andersen,,,
length_Silver_nitrate_7_8,II:3016298,Pending,False,False,<250kb,npp-3,No Splits,Strong,Reviewed,False,>=20,"April 26, 2023 6:03 AM",4.694457325125541,0.07080041260124359,2,INBRED,II,Ryan McKeown,,,
length_Pyrantel_cytrate_9_38,II:239574,Pending,False,False,250..500kb,No clear candidate,No Splits,Strong,Reviewed,True,<20,"April 26, 2023 6:03 AM",6.494723823183622,0.2839241185100373,1,INBRED,II,JB,,,
length_Ivermectin_0_008,II:12658388,Pending,False,False,<250kb,"Y38E10A.2, cox-10, tbc-17",No Splits,Strong,Reviewed,True,<20,"April 26, 2023 6:03 AM",5.325943922037211,0.09806749148986936,1,INBRED,II,JB,,,
length_Ivermectin,IV:15378958,Pending,False,False,<250kb,"nhr-5, ntl-11, pkd-2",No Splits,Moderate,Reviewed,True,<20,"April 26, 2023 6:03 AM",4.414899263651418,0.25681838917953553,2,INBRED,IV,Faruk Dube,,,
CV_length_Emodepside,X:14244239,Pending,False,False,<250kb,K06G5.1,No Splits,Moderate,Reviewed,False,>=20,"April 26, 2023 6:03 AM",4.379690053756397,0.1857851377339293,1,LOCO,X,Amanda,,,
length_Methomyl,III:2534951,F10G8.9,False,False,<250kb,Y54F10AR.2,No Splits,Moderate,Reviewed,True,<20,"April 26, 2023 6:03 AM",4.652082864245583,0.4338239901753886,1,LOCO,III,Erik Andersen,,,
CV_length_Zinc_dichloride,II:13790733,Pending,False,False,<250kb,No clear candidate,No Splits,Moderate,Reviewed,False,<20,"April 26, 2023 6:03 AM",5.206822388661162,0.046307508705592665,1,INBRED,II,Erik Andersen,,,
CV_length_Nickel_dichloride,IV:4522219,Pending,False,False,<250kb,ZK180.6,No Splits,Moderate,Reviewed,False,<20,"April 26, 2023 6:03 AM",4.218524674047213,0.18976748070834037,4,INBRED,IV,Ryan McKeown,,,
length_Aldicarb,X:13222906,Pending,False,False,<250kb,"K08H2.4, asp-4",No Splits,Moderate,Reviewed,False,>=20,"April 26, 2023 6:03 AM",4.344141541013904,0.17415020467427314,5,LOCO,X,Robyn Tanny,,,
length_Arsenic_trioxide,III:1642838,Pending,False,False,>500kb,No clear candidate,No Splits,Moderate,Reviewed,True,>=20,"April 26, 2023 6:03 AM",5.86866689634314,0.06594098152796501,2,INBRED,III,Ryan McKeown,,,
CV_length_Moxidectin,II:14136414,Pending,False,False,>500kb,No clear candidate,No Splits,Moderate,Reviewed,True,>=20,"April 26, 2023 6:03 AM",4.495158208651189,0.07864286910954543,2,INBRED,II,Erik Andersen,,,
length_Selamectin,V:1959019,Pending,False,False,<250kb,"T06A1.5, acs-3, srj-15",CB4856 x N2,Weak,Reviewed,True,>=20,"April 26, 2023 6:03 AM",4.451501254161252,0.09859771787844818,7,INBRED,V,Nicolas Moya,,,
length_Cry5B,I:12884100,Pending,False,False,<250kb,pad-1,No Splits,Moderate,Reviewed,True,>=20,"April 26, 2023 6:03 AM",4.458660432925895,0.5288499725018594,1,LOCO,I,JB,,,
CV_length_Silver_nitrate_250,IV:16416169,Pending,False,False,<250kb,Y65A5A.2,CB4856 x N2,Moderate,Reviewed,True,>=20,"April 26, 2023 6:03 AM",4.546307166012287,0.15628702879059495,3,INBRED,IV,Ryan McKeown,,,
length_Benomyl,II:2222527,Pending,True,True,<250kb,cbs-2,No Splits,Weak,Reviewed,True,<20,"April 26, 2023 6:03 AM",8.99905426850265,0.23183090940124565,1,INBRED,II,Tom,,Tom,
length_Milbemycin,III:12774082,Pending,False,False,<250kb,ssl-1,No Splits,Moderate,Reviewed,True,>=20,"April 26, 2023 6:03 AM",4.513580856875414,0.14316307258451832,3,INBRED,III,Erik Andersen,,,
length_Ivermectin,V:13720731,Pending,False,False,<250kb,"F08H9.2, bmk-1, coh-3, eol-1",CB4856 x N2,Moderate,Reviewed,True,>=20,"April 26, 2023 6:03 AM",4.450329859856332,0.25681838917953553,1,LOCO,V,Faruk Dube,,,
length_Ivermectin_0_008,X:4938362,Pending,False,False,250..500kb,No clear candidate,No Splits,Strong,Reviewed,False,<20,"April 26, 2023 6:03 AM",4.203658138984465,0.09806749148986936,3,INBRED,X,JB,,,
CV_length_Monepantel_LY3348298_0_023,I:10444317,Pending,False,False,<250kb,duo-3,No Splits,Weak,Reviewed,True,<20,"April 26, 2023 6:03 AM",4.466975703641267,0.24814432241043144,1,LOCO,I,JB,,,
CV_length_Cry5B,II:6079999,Pending,False,False,<250kb,No clear candidate,No Splits,Moderate,Reviewed,True,>=20,"April 26, 2023 6:03 AM",5.289579665688691,0.29112864045944936,1,LOCO,II,JB,,,
length_Methyl_mercury,III:2461452,Pending,False,False,<250kb,"E02H9.3, E02H9.7, E02H9.9, klo-2, nhr-121, smg-6",No Splits,Moderate,Reviewed,False,>=20,"April 26, 2023 6:03 AM",4.355311344674821,0.1985170689392653,1,LOCO,III,Erik Andersen,,,
CV_length_Paraquat_62_5,V:8625876,Pending,False,False,250..500kb,"Data Integrity, ZC196.9, magu-2, pxn-1",No Splits,Strong,Reviewed,True,<20,"April 26, 2023 6:03 AM",6.294025163582445,0.20085209530843107,1,LOCO,V,Nicolas Moya,,,
length_Chlorothalonil,II:5392976,Pending,False,False,<250kb,"EEED8.1, F07F6.7, ZK177.1, hlh-27",CB4856 x N2,Moderate,Reviewed,False,>=20,"April 26, 2023 6:03 AM",5.72430405622733,0.1649324435901999,1,LOCO,II,Amanda,,,
length_Paraquat_62_5,X:2848181,Pending,False,False,250..500kb,"fbxb-71, irg-7, pqn-37",No Splits,Moderate,Reviewed,False,<20,"April 26, 2023 6:03 AM",4.553986600855673,0.08466600189713946,4,INBRED,X,Nicolas Moya,,,
CV_length_Milbemycin,III:12667858,Pending,False,False,<250kb,No clear candidate,No Splits,Moderate,Reviewed,True,<20,"April 26, 2023 6:03 AM",5.3522787249944095,0.20258008476260717,1,INBRED,III,Erik Andersen,,,
length_Nickel_dichloride,V:1486141,Pending,False,False,<250kb,"chil-14, oac-31, str-240",No Splits,Moderate,Reviewed,False,>=20,"April 26, 2023 6:03 AM",6.067672885202953,0.30129619995412726,2,LOCO,V,Ryan McKeown,,,
CV_length_Moxidectin,II:11399781,Pending,False,False,<250kb,C05D12.5,CB4856 x N2,Moderate,Reviewed,True,>=20,"April 26, 2023 6:03 AM",4.19934271004163,0.07864286910954543,1,INBRED,II,Erik Andersen,,,
CV_length_Silver_nitrate_250,V:14099838,Pending,False,False,250..500kb,MANY,No Splits,Moderate,Reviewed,True,<20,"April 26, 2023 6:03 AM",4.2392835625258005,0.15628702879059495,7,INBRED,V,Ryan McKeown,,,
length_Moxidectin,II:12963684,,False,False,<250kb,"bath-45, gfm-1, ptr-18",No Splits,Moderate,Reviewed,False,>=20,"April 26, 2023 6:03 AM",5.205962514804435,0.1134877319278623,1,INBRED,II,Erik Andersen,,,
CV_length_Carbaryl,I:1425639,Pending,False,True,<250kb,"F37F2.2, Y48G8AR.2, Y73E7A.3, grh-1",No Splits,Weak,Reviewed,False,<20,"April 26, 2023 6:03 AM",5.433726356709134,0.07116785633564911,1,INBRED,I,Nicolas Moya,,,
length_Cry5B,IV:3370982,Pending,False,False,<250kb,vha-19,No Splits,Strong,Reviewed,True,>=20,"April 26, 2023 6:03 AM",7.300704396886839,0.5288499725018594,1,INBRED,IV,JB,,,
length_Eprinomectin,IV:13317070,Pending,False,False,<250kb,"K08D8.6, K09B11.5, ZK896.4, rsd-2",No Splits,Moderate,Reviewed,True,<20,"April 26, 2023 6:03 AM",6.352520204747898,0.14180025756326045,2,INBRED,IV,Faruk Dube,,,
length_Paraquat_62_5,I:3282224,Pending,False,False,<250kb,No clear candidate,CB4856 x N2,Strong,Reviewed,False,<20,"April 26, 2023 6:03 AM",5.152229362511893,0.08466600189713946,1,INBRED,I,Nicolas Moya,,,
CV_length_Triphenyl_phosphate_50,X:15356578,Pending,False,False,250..500kb,"K09A9.6, ent-2",No Splits,Moderate,Reviewed,True,>=20,"April 26, 2023 6:03 AM",4.764309985202975,0.17242302598716225,2,LOCO,X,Erik Andersen,,,
CV_length_Eprinomectin,III:12658897,Pending,False,False,<250kb,No clear candidate,No Splits,Moderate,Reviewed,False,<20,"April 26, 2023 6:03 AM",4.919521429242742,0.11691209434294449,1,INBRED,III,JB,,,
CV_length_Zoetis_00507244,IV:1045013,Pending,False,False,250..500kb,"Pending, To Review",No Splits,Strong,Reviewed,False,>=20,"April 26, 2023 6:03 AM",4.823330067331851,0.1831694336823725,1,LOCO,IV,Tim Crombie,,,
length_Benomyl,III:12491909,Pending,False,False,250..500kb,No clear candidate,No Splits,Weak,Reviewed,True,<20,"April 26, 2023 6:03 AM",6.779525793870782,0.23183090940124565,4,INBRED,III,Tom,,Tom,
length_Nickel_dichloride,II:12203935,Pending,False,False,<250kb,"Y57A10A.2, Y57A10A.4, Y57A10A.8",No Splits,Strong,Reviewed,False,<20,"April 26, 2023 6:03 AM",5.570147633918303,0.30129619995412726,1,LOCO,II,Ryan McKeown,,,
length_Triphenyl_phosphate_6_25,V:7623783,Pending,True,False,<250kb,No clear candidate,No Splits,Moderate,Reviewed,True,<20,"April 26, 2023 6:03 AM",7.420120412054262,0.11688874239184248,2,INBRED,V,Erik Andersen,,,
CV_length_Chlorothalonil,X:10975324,Pending,False,False,<250kb,No clear candidate,CB4856 x N2,Moderate,Reviewed,False,>=20,"April 26, 2023 6:03 AM",5.369433823697339,0.031364361223774645,1,LOCO,X,Amanda,,,
length_Zoetis_0007437,MtDNA:3714,Pending,False,False,<250kb,"ctc-1, nduo-2",No Splits,Strong,Reviewed,True,>=20,"April 26, 2023 6:03 AM",10.07254904841765,0.4437115968631445,2,LOCO,MtDNA,Ryan McKeown,,,
CV_length_Cry5B,X:13742852,Pending,False,False,<250kb,"No clear candidate, Pending",CB4856 x N2,Moderate,Reviewed,True,>=20,"April 26, 2023 6:03 AM",4.2297298909740695,0.29112864045944936,3,LOCO,X,JB,,,
length_Zinc_dichloride,I:4884561,Pending,False,False,<250kb,MANY,No Splits,Moderate,Reviewed,True,<20,"April 26, 2023 6:03 AM",5.876311658332414,0.08074975906374901,1,INBRED,I,Erik Andersen,,,
length_Ivermectin_0_008,IV:17056612,Pending,False,False,<250kb,No clear candidate,No Splits,Strong,Reviewed,False,<20,"April 26, 2023 6:03 AM",4.472444850605829,0.09806749148986936,2,INBRED,IV,JB,,,
length_Methyl_mercury,V:15476283,Pending,False,False,<250kb,No clear candidate,No Splits,Moderate,Reviewed,True,<20,"April 26, 2023 6:03 AM",4.349008055359052,0.1985170689392653,8,INBRED,V,Erik Andersen,,,
CV_length_Benomyl,I:1945616,Pending,False,True,<250kb,Pending,No Splits,Weak,Reviewed,False,<20,"April 26, 2023 6:03 AM",4.2175338257996575,0,1,INBRED,I,Tom,,Tom,
length_Selamectin,II:12690885,Pending,False,False,<250kb,"Y38E10A.2, Y38E10A.3, cox-10, tbc-17",No Splits,Weak,Reviewed,True,<20,"April 26, 2023 6:03 AM",6.297582389177831,0.09859771787844818,2,INBRED,II,Nicolas Moya,,,
length_Propoxur,V:5315004,Pending,False,False,<250kb,No clear candidate,No Splits,Moderate,Reviewed,False,>=20,"April 26, 2023 6:03 AM",4.71317316810731,0.10443201161836727,1,LOCO,V,Tom,,Tom,
length_Benomyl,IV:3365504,Pending,False,False,<250kb,No clear candidate,No Splits,Weak,Reviewed,True,<20,"April 26, 2023 6:03 AM",4.481470267882628,0.23183090940124565,5,INBRED,IV,Tom,,Tom,
length_Milbemycin,IV:968482,Pending,False,False,250..500kb,plx-1,No Splits,Moderate,Reviewed,True,>=20,"April 26, 2023 6:03 AM",4.480952074719599,0.14316307258451832,4,INBRED,IV,Erik Andersen,,,
length_Thiabendazole,V:16007037,Pending,False,False,<250kb,fbxa-100,No Splits,Moderate,Reviewed,True,>=20,"April 26, 2023 6:03 AM",5.362775531290112,0.30343170540857156,2,LOCO,V,JB,,,Region contains cyp-35d1
length_Copper_chloride,I:15037522,Pending,False,False,<250kb,str-245,No Splits,Moderate,Reviewed,False,>=20,"April 26, 2023 6:03 AM",5.248921919235329,0.37150729440603497,1,LOCO,I,Tim Crombie,,,
length_Methyl_mercury,III:10133612,Pending,False,False,<250kb,No clear candidate,No Splits,Moderate,Reviewed,True,<20,"April 26, 2023 6:03 AM",4.589018738313803,0.1985170689392653,7,INBRED,III,Erik Andersen,,,
CV_length_Moxidectin,V:19889584,Pending,False,False,<250kb,skr-4,No Splits,Moderate,Reviewed,True,<20,"April 26, 2023 6:03 AM",4.83856610980742,0.07864286910954543,1,LOCO,V,Erik Andersen,,,
length_Pyraclostrobin,II:13928285,Pending,False,False,<250kb,hot-3,CB4856 x N2,Moderate,Reviewed,True,>=20,"April 26, 2023 6:03 AM",4.176398631147331,0.274260618872225,1,LOCO,II,Tim Crombie,,,
length_Selamectin,X:12111177,Pending,False,False,>500kb,No clear candidate,No Splits,Moderate,Reviewed,True,>=20,"April 26, 2023 6:03 AM",5.058275944321391,0.09859771787844818,4,LOCO,X,Nicolas Moya,,,
length_Mebendazole,II:2181671,Pending,True,False,250..500kb,No clear candidate,No Splits,Weak,Reviewed,True,<20,"April 26, 2023 6:03 AM",4.500770817116334,0.18566611813560524,1,INBRED,II,JB,,,
length_Aldicarb,X:13252751,Pending,False,False,<250kb,"K08H2.4, asp-4",No Splits,Moderate,Reviewed,False,>=20,"April 26, 2023 6:03 AM",4.500421504576037,0.17415020467427314,5,INBRED,X,Robyn Tanny,,,
CV_length_Eprinomectin,III:12658897,Pending,False,False,<250kb,No clear candidate,No Splits,Moderate,Reviewed,False,<20,"April 26, 2023 6:03 AM",4.3600107772505705,0.11691209434294449,1,LOCO,III,JB,,,
length_Mebendazole,X:15568039,Pending,False,False,<250kb,No clear candidate,No Splits,Moderate,Reviewed,True,>=20,"April 26, 2023 6:03 AM",5.352980071791782,0.18566611813560524,2,LOCO,X,JB,,,
CV_length_Selamectin,II:6929277,Pending,False,False,<250kb,"egl-27, fis-1",CB4856 x N2,Moderate,Reviewed,True,>=20,"April 26, 2023 6:03 AM",5.35254856543146,0.2307745627185138,1,INBRED,II,Nicolas Moya,,,
CV_length_Selamectin,X:13570947,Pending,False,False,250..500kb,No clear candidate,No Splits,Moderate,Reviewed,True,>=20,"April 26, 2023 6:03 AM",4.254051250562763,0.2307745627185138,2,LOCO,X,Nicolas Moya,,,
length_Bacterial_dilution,III:12760737,Pending,False,False,>500kb,Pending,No Splits,Moderate,Reviewed,False,>=20,"April 26, 2023 6:03 AM",5.466324518709168,0.10164852557790731,1,INBRED,III,Erik Andersen,,,
length_Triphenyl_phosphate_6_25,V:7623783,Pending,True,False,<250kb,No clear candidate,No Splits,Moderate,Reviewed,True,<20,"April 26, 2023 6:03 AM",6.005954861566422,0.11688874239184248,2,LOCO,V,Erik Andersen,,,
CV_length_Milbemycin,X:12810959,Pending,False,False,<250kb,No clear candidate,No Splits,Moderate,Reviewed,True,>=20,"April 26, 2023 6:03 AM",6.266480144229791,0.20258008476260717,3,INBRED,X,Erik Andersen,,,
CV_length_Triphenyl_phosphate_50,II:5823629,Pending,False,False,<250kb,No clear candidate,No Splits,Moderate,Reviewed,True,>=20,"April 26, 2023 6:03 AM",4.830625385492686,0.17242302598716225,2,INBRED,II,Erik Andersen,,,
CV_length_Methyl_mercury,III:3228490,Pending,False,False,<250kb,Y53G8AL.1,No Splits,Strong,Reviewed,False,>=20,"April 26, 2023 6:03 AM",6.8796860652710885,0.08233118776580686,1,INBRED,III,Erik Andersen,,,
CV_length_Paraquat_62_5,V:6044792,Pending,False,False,>500kb,No clear candidate,No Splits,Strong,Reviewed,True,<20,"April 26, 2023 6:03 AM",9.397703382654134,0.20085209530843107,2,INBRED,V,Nicolas Moya,,,
length_Cry5B,IV:3370982,Pending,False,False,250..500kb,vha-19,No Splits,Strong,Reviewed,True,>=20,"April 26, 2023 6:03 AM",12.119172693373164,0.5288499725018594,3,LOCO,IV,JB,,,
CV_length_Emodepside,V:93036,Pending,False,False,>500kb,No clear candidate,No Splits,Moderate,Reviewed,False,<20,"April 26, 2023 6:03 AM",4.185251123518114,0.1857851377339293,5,INBRED,V,Amanda,,,
length_Chlorothalonil,III:4478684,Pending,False,False,250..500kb,"F35G12.5, clec-151, gpch-1",CB4856 x N2,Moderate,Reviewed,False,>=20,"April 26, 2023 6:03 AM",5.206233355527786,0.1649324435901999,6,INBRED,III,Amanda,,,
CV_length_Mancozeb,V:17659349,Pending,False,False,<250kb,Y6G8.5,CB4856 x N2,Strong,Reviewed,False,<20,"April 26, 2023 6:03 AM",6.961113700670646,0.032796243189536674,1,INBRED,V,Erik Andersen,,,
length_Monepantel_LY3348298_0_023,II:14385646,Pending,False,False,<250kb,"No clear candidate, Pending",No Splits,Moderate,Reviewed,False,>=20,"April 26, 2023 6:03 AM",4.5073904532561215,0.31695777474284587,1,LOCO,II,JB,,,
length_2_4_D,V:14453636,No Sig. Mediators,False,False,<250kb,No clear candidate,No Splits,Moderate,Reviewed,False,<20,"April 26, 2023 6:03 AM",4.8420871147053735,0.03610707639711148,1,LOCO,V,Erik Andersen,,,
CV_length_Carboxin,III:7196078,Pending,False,False,<250kb,"acs-4, exos-9, mec-14",No Splits,Moderate,Reviewed,True,>=20,"April 26, 2023 6:03 AM",4.435020457527647,0.10596910007963467,4,INBRED,III,Nicolas Moya,,,
length_Aldicarb,IV:13208614,Pending,False,False,<250kb,No clear candidate,No Splits,Weak,Reviewed,False,<20,"April 26, 2023 6:03 AM",4.4210652495149665,0.17415020467427314,4,LOCO,IV,Robyn Tanny,,,
CV_length_Paraquat_250,III:3548229,Pending,False,False,>500kb,No clear candidate,CB4856 x N2,Moderate,Reviewed,False,>=20,"April 26, 2023 6:03 AM",6.119915033290544,0.10307997867592296,1,INBRED,III,Nicolas Moya,,,
length_Mancozeb,II:10305644,No Sig. Mediators,False,False,<250kb,"C14A4.7, algn-9, mks-5",No Splits,Moderate,Reviewed,False,<20,"April 26, 2023 6:03 AM",4.187915934867805,0.16272719027553673,1,INBRED,II,Erik Andersen,,,
CV_length_Mancozeb,V:17659349,Pending,False,False,<250kb,Y6G8.5,CB4856 x N2,Moderate,Reviewed,False,<20,"April 26, 2023 6:03 AM",5.896973232255658,0.032796243189536674,1,LOCO,V,Erik Andersen,,,
length_Chlorothalonil,III:2605810,Pending,False,False,<250kb,No clear candidate,CB4856 x N2,Moderate,Reviewed,False,>=20,"April 26, 2023 6:03 AM",4.315229120862014,0.1649324435901999,5,INBRED,III,Amanda,,,
length_Mebendazole,X:15568039,Pending,False,False,<250kb,No clear candidate,No Splits,Moderate,Reviewed,True,>=20,"April 26, 2023 6:03 AM",6.025159602143738,0.18566611813560524,5,INBRED,X,JB,,,
CV_length_Milbemycin,III:12667858,Pending,False,False,<250kb,No clear candidate,No Splits,Weak,Reviewed,True,<20,"April 26, 2023 6:03 AM",5.067700799959416,0.20258008476260717,2,LOCO,III,Erik Andersen,,,
length_Triphenyl_phosphate_50,II:4424134,Pending,False,False,<250kb,ZK430.7,No Splits,Moderate,Reviewed,True,<20,"April 26, 2023 6:03 AM",5.034457772483928,0.33723945876831407,1,LOCO,II,Erik Andersen,,,
length_Silver_nitrate_250,V:5325187,Pending,False,False,<250kb,C10G8.8,CB4856 x N2,Strong,Reviewed,True,<20,"April 26, 2023 6:03 AM",4.408787312667571,0.4398484622189429,1,LOCO,V,Ryan McKeown,,,
CV_length_Copper_chloride,IV:3981501,Pending,False,False,250..500kb,srh-222,CB4856 x N2,Moderate,Reviewed,False,>=20,"April 26, 2023 6:03 AM",4.188553693043344,0.22472778565302468,2,LOCO,IV,Tim Crombie,,,
CV_length_Selamectin,X:4938362,Pending,False,False,>500kb,No clear candidate,No Splits,Moderate,Reviewed,True,>=20,"April 26, 2023 6:03 AM",5.129736004560998,0.2307745627185138,6,INBRED,X,Nicolas Moya,,,
CV_length_Silver_nitrate_250,V:5000537,Pending,True,False,<250kb,MANY,CB4856 x N2,Moderate,Reviewed,True,>=20,"April 26, 2023 6:03 AM",5.30246118010091,0.15628702879059495,2,LOCO,V,Ryan McKeown,,,
length_Ivermectin,V:13720731,Pending,False,False,<250kb,"F08H9.2, bmk-1, coh-3, eol-1",CB4856 x N2,Moderate,Reviewed,True,>=20,"April 26, 2023 6:03 AM",5.1371187979459645,0.25681838917953553,3,INBRED,V,Faruk Dube,,,
CV_length_Cadmium_dichloride,V:16750191,Pending,False,False,<250kb,Y32B12B.4,No Splits,Moderate,Reviewed,False,<20,"April 26, 2023 6:03 AM",4.684787708535923,0,1,INBRED,V,Tim Crombie,,,
CV_length_Albendazole,IV:1534175,Pending,False,False,<250kb,No clear candidate,No Splits,Weak,Reviewed,False,<20,"April 26, 2023 6:03 AM",4.462568796070362,0,1,INBRED,IV,Tom,Erik Andersen,Robyn Tanny,
CV_length_Selamectin,IV:16636742,Pending,False,False,>500kb,No clear candidate,No Splits,Moderate,Reviewed,True,<20,"April 26, 2023 6:03 AM",5.111527891324253,0.2307745627185138,4,INBRED,IV,Nicolas Moya,,,
CV_length_Triphenyl_phosphate_50,X:14155292,Pending,False,False,<250kb,ceh-89,No Splits,Moderate,Reviewed,True,>=20,"April 26, 2023 6:03 AM",4.37631250013652,0.17242302598716225,1,LOCO,X,Erik Andersen,,,
length_Emodepside,I:12227795,Pending,False,False,<250kb,No clear candidate,CB4856 x N2,Weak,Reviewed,False,<20,"April 26, 2023 6:03 AM",5.298533909100842,0.33574647958222187,1,LOCO,I,Tom,,Tom,
CV_length_Chlorfenapyr,X:15880784,Pending,False,False,<250kb,No clear candidate,No Splits,Moderate,Reviewed,False,<20,"April 26, 2023 6:03 AM",4.560781027249136,0,1,INBRED,X,Tim Crombie,,,
CV_length_Carboxin,III:917542,Pending,True,False,250..500kb,No clear candidate,No Splits,Moderate,Reviewed,True,>=20,"April 26, 2023 6:03 AM",4.64414827814406,0.10596910007963467,2,INBRED,III,Nicolas Moya,,,
length_Thiabendazole,II:2380111,Pending,False,False,250..500kb,No clear candidate,No Splits,Weak,Reviewed,True,<20,"April 26, 2023 6:03 AM",5.248549983951077,0.30343170540857156,1,LOCO,II,JB,,,
length_Silver_nitrate_250,X:13146307,Pending,False,False,250..500kb,MANY,No Splits,Moderate,Reviewed,True,>=20,"April 26, 2023 6:03 AM",4.572054846079929,0.4398484622189429,3,LOCO,X,Ryan McKeown,,,
CV_length_Nickel_dichloride,I:1113062,Pending,False,False,250..500kb,"ZK993.2, madf-6",No Splits,Moderate,Reviewed,False,<20,"April 26, 2023 6:03 AM",6.404182034469008,0.18976748070834037,1,INBRED,I,Ryan McKeown,,,
length_Paraquat_250,X:12484794,Pending,False,False,<250kb,No clear candidate,No Splits,Moderate,Reviewed,True,>=20,"April 26, 2023 6:03 AM",4.367203705773358,0.5068882167618495,2,LOCO,X,Nicolas Moya,,,
CV_length_Monepantel_LY3348298_0_55,III:1939628,Pending,False,False,<250kb,No clear candidate,No Splits,Moderate,Reviewed,True,<20,"April 26, 2023 6:03 AM",4.5798032271710465,0.08189933535357004,2,LOCO,III,JB,,,
length_Ricobendazole,X:15663204,Pending,False,False,<250kb,usp-33,CB4856 x N2,Moderate,Reviewed,True,>=20,"April 26, 2023 6:03 AM",4.201216807946308,0.23194182932967927,4,LOCO,X,JB,,,
CV_length_Carboxin,IV:17252811,Pending,True,False,250..500kb,No clear candidate,No Splits,Moderate,Reviewed,False,<20,"April 26, 2023 6:03 AM",6.230369409337743,0.10596910007963467,5,INBRED,IV,Nicolas Moya,,,
length_Closantel,II:637176,Pending,False,False,>500kb,No clear candidate,No Splits,Moderate,Reviewed,False,>=20,"April 26, 2023 6:03 AM",7.478826598602503,0.6825646093096107,1,INBRED,II,Amanda,,,
CV_length_Silver_nitrate_250,V:5000537,Pending,True,False,<250kb,MANY,CB4856 x N2,Moderate,Reviewed,True,>=20,"April 26, 2023 6:03 AM",7.404715465646948,0.15628702879059495,6,INBRED,V,Ryan McKeown,,,
CV_length_Emodepside,I:10444317,Pending,False,False,250..500kb,duo-3,No Splits,Moderate,Reviewed,False,<20,"April 26, 2023 6:03 AM",5.0345739165718415,0.1857851377339293,2,INBRED,I,Amanda,,,
length_Methyl_mercury,II:2730209,Pending,False,False,<250kb,gcy-26,No Splits,Moderate,Reviewed,True,<20,"April 26, 2023 6:03 AM",4.160777828067046,0.1985170689392653,3,INBRED,II,Erik Andersen,,,
CV_length_Selamectin,X:12111177,Pending,False,False,<250kb,No clear candidate,No Splits,Moderate,Reviewed,True,>=20,"April 26, 2023 6:03 AM",7.677944113452264,0.2307745627185138,7,INBRED,X,Nicolas Moya,,,
length_Selamectin,IV:912358,Pending,False,False,250..500kb,fbxc-12,No Splits,Weak,Reviewed,True,<20,"April 26, 2023 6:03 AM",5.932616653693595,0.09859771787844818,4,INBRED,IV,Nicolas Moya,,,
length_Mebendazole,III:7831877,Pending,True,False,<250kb,F56C91,No Splits,Moderate,Reviewed,True,>=20,"April 26, 2023 6:03 AM",4.8061799739838875,0.18566611813560524,2,INBRED,III,JB,,,
length_Benomyl,II:7758794,Pending,False,True,>500kb,No clear candidate,No Splits,Weak,Reviewed,True,<20,"April 26, 2023 6:03 AM",4.291068615299604,0.23183090940124565,2,INBRED,II,Tom,,Tom,
CV_length_Copper_chloride,V:13466127,Pending,False,False,<250kb,No clear candidate,CB4856 x N2,Moderate,Reviewed,False,<20,"April 26, 2023 6:03 AM",4.467990035695532,0.22472778565302468,3,LOCO,V,Tim Crombie,,,
CV_length_Silver_nitrate_250,III:1134910,Pending,False,False,<250kb,MANY,No Splits,Moderate,Reviewed,True,<20,"April 26, 2023 6:03 AM",4.278918490436164,0.15628702879059495,1,LOCO,III,Ryan McKeown,,,
length_Milbemycin,X:12296783,Pending,False,False,>500kb,"C04B4.1, C04B4.4",No Splits,Moderate,Reviewed,True,>=20,"April 26, 2023 6:03 AM",7.146048827588297,0.14316307258451832,6,INBRED,X,Erik Andersen,,,
length_Chlorothalonil,II:13921653,Pending,False,False,<250kb,mltn-5,CB4856 x N2,Moderate,Reviewed,False,>=20,"April 26, 2023 6:03 AM",6.133714433549961,0.1649324435901999,3,INBRED,II,Amanda,,,
length_Ricobendazole,II:2222527,Pending,True,False,250..500kb,"Pending, cbs-2",No Splits,Moderate,Reviewed,True,<20,"April 26, 2023 6:03 AM",4.884246411032758,0.23194182932967927,1,LOCO,II,JB,,,
length_Zoetis_7027187,V:2089673,Pending,False,False,<250kb,"F36F12.3, No clear candidate",No Splits,Moderate,Reviewed,True,>=20,"April 26, 2023 6:03 AM",4.215113941582966,0.16924441721357245,1,LOCO,V,JB,,,
CV_length_Zinc_dichloride,V:4430383,Pending,False,False,<250kb,No clear candidate,No Splits,Moderate,Reviewed,False,<20,"April 26, 2023 6:03 AM",5.279151336192769,0.046307508705592665,2,INBRED,V,Erik Andersen,,,
CV_length_Carbaryl,I:2556400,Pending,False,True,<250kb,Y23H5B.1,No Splits,Weak,Reviewed,False,<20,"April 26, 2023 6:03 AM",4.446222527020081,0.07116785633564911,2,INBRED,I,Nicolas Moya,,,
length_Paraquat_62_5,II:13675568,Pending,False,False,<250kb,"C01B9.1, Y54G9A.5, arrd-11, arrd-13",No Splits,Moderate,Reviewed,False,>=20,"April 26, 2023 6:03 AM",4.527119275431894,0.08466600189713946,3,INBRED,II,Nicolas Moya,,,
CV_length_Emodepside,II:13970880,Pending,False,False,<250kb,No clear candidate,No Splits,Weak,Reviewed,False,<20,"April 26, 2023 6:03 AM",4.3745630416924115,0.1857851377339293,4,INBRED,II,Amanda,,,
length_Methyl_mercury,II:626831,Pending,False,False,<250kb,arrd-1,No Splits,Moderate,Reviewed,True,>=20,"April 26, 2023 6:03 AM",5.418283529038672,0.1985170689392653,2,INBRED,II,Erik Andersen,,,
length_Selamectin,IV:912358,Pending,False,False,<250kb,fbxc-12,No Splits,Weak,Reviewed,True,<20,"April 26, 2023 6:03 AM",4.433390474055342,0.09859771787844818,2,LOCO,IV,Nicolas Moya,,,
CV_length_Selamectin,V:1231525,Pending,False,False,<250kb,Y50D4A.1,No Splits,Moderate,Reviewed,True,>=20,"April 26, 2023 6:03 AM",6.01097756745742,0.2307745627185138,5,INBRED,V,Nicolas Moya,,,
CV_length_Monepantel_LY3348298_0_55,III:678595,Pending,False,False,<250kb,No clear candidate,No Splits,Moderate,Reviewed,True,<20,"April 26, 2023 6:03 AM",6.109377810278217,0.08189933535357004,1,INBRED,III,JB,,,
length_Selamectin,IV:16636742,Pending,False,False,>500kb,No clear candidate,No Splits,Weak,Reviewed,True,<20,"April 26, 2023 6:03 AM",4.600020130979429,0.09859771787844818,6,INBRED,IV,Nicolas Moya,,,
length_Cadmium_dichloride,X:5955567,Pending,False,False,<250kb,To Review,No Splits,Strong,Reviewed,False,>=20,"April 26, 2023 6:03 AM",4.266569996158403,0.306634077581847,1,INBRED,X,Tim Crombie,,,
length_Nickel_dichloride,V:1486141,Pending,False,False,<250kb,"To Review, chil-14",No Splits,Moderate,Reviewed,False,>=20,"April 26, 2023 6:03 AM",4.782129311135628,0.30129619995412726,2,INBRED,V,Ryan McKeown,,,
length_Ivermectin,III:1641754,Pending,False,True,<250kb,"Y22D7A.9, Y22D7AR.6, cht-4, ddx-35, sms-3",CB4856 x N2,Strong,Reviewed,True,>=20,"April 26, 2023 6:03 AM",4.560066027331856,0.25681838917953553,1,INBRED,III,Faruk Dube,,,
length_Methyl_mercury,I:2994073,Pending,False,False,<250kb,supr-1,No Splits,Moderate,Reviewed,True,<20,"April 26, 2023 6:03 AM",5.125897558355535,0.1985170689392653,1,INBRED,I,Erik Andersen,,,
length_Benomyl,II:13297042,Pending,False,False,<250kb,No clear candidate,No Splits,Weak,Reviewed,True,<20,"April 26, 2023 6:03 AM",5.179052143206343,0.23183090940124565,3,INBRED,II,Tom,,Tom,
length_2_4_D,V:14453636,No Sig. Mediators,False,False,<250kb,No clear candidate,No Splits,Moderate,Reviewed,False,<20,"April 26, 2023 6:03 AM",5.563195135835425,0.03610707639711148,1,INBRED,V,Erik Andersen,,,
length_Zoetis_7027178,V:533342,Pending,True,False,250..500kb,nhr-132,No Splits,Moderate,Reviewed,True,>=20,"April 26, 2023 6:03 AM",5.301041287467305,0.36119565769652134,1,INBRED,V,JB,,,
CV_length_Moxidectin,V:19889584,Pending,False,False,<250kb,skr-4,No Splits,Moderate,Reviewed,True,<20,"April 26, 2023 6:03 AM",5.286391868904746,0.07864286910954543,4,INBRED,V,Erik Andersen,,,
CV_length_Carboxin,III:2527992,Pending,True,False,<250kb,No clear candidate,CB4856 x N2,Moderate,Reviewed,True,>=20,"April 26, 2023 6:03 AM",4.193549354914545,0.10596910007963467,3,INBRED,III,Nicolas Moya,,,
length_Arsenic_trioxide,III:1642838,Pending,False,False,>500kb,No clear candidate,No Splits,Weak,Reviewed,True,>=20,"April 26, 2023 6:03 AM",4.81271623169205,0.06594098152796501,1,LOCO,III,Ryan McKeown,,,
length_Zoetis_0007437,MtDNA:3714,Pending,False,False,<250kb,"ctc-1, nduo-2",No Splits,Strong,Reviewed,False,>=20,"April 26, 2023 6:03 AM",7.181716028332807,0.4437115968631445,1,INBRED,MtDNA,Ryan McKeown,,,
length_Carboxin,III:2527992,Pending,True,False,<250kb,No clear candidate,CB4856 x N2,Weak,Reviewed,True,>=20,"April 26, 2023 6:03 AM",5.913714931367415,0.07582711586204839,1,INBRED,III,Nicolas Moya,,,
length_Malathion,V:4520714,Pending,False,False,<250kb,"T28F12.1, sos-1",No Splits,Moderate,Reviewed,False,<20,"April 26, 2023 6:03 AM",4.413410445103598,0.2144272898658911,1,LOCO,V,Nicolas Moya,,,
length_Triphenyl_phosphate_6_25,IV:16034033,Pending,False,False,<250kb,No clear candidate,No Splits,Moderate,Reviewed,True,<20,"April 26, 2023 6:03 AM",4.487163573974042,0.11688874239184248,1,LOCO,IV,Erik Andersen,,,
length_Triphenyl_phosphate_6_25,V:16304000,Pending,False,False,<250kb,oac-56,No Splits,Weak,Reviewed,True,<20,"April 26, 2023 6:03 AM",4.330417230347026,0.11688874239184248,3,LOCO,V,Erik Andersen,,,
length_Aldicarb,IV:2368192,Pending,False,False,<250kb,eri-5,No Splits,Weak,Reviewed,False,<20,"April 26, 2023 6:03 AM",5.014994101404235,0.17415020467427314,2,INBRED,IV,Robyn Tanny,,,
CV_length_Moxidectin,IV:3350721,Pending,False,False,<250kb,No clear candidate,No Splits,Moderate,Reviewed,True,<20,"April 26, 2023 6:03 AM",4.230735693825441,0.07864286910954543,3,INBRED,IV,Erik Andersen,,,
length_Emodepside,V:10008898,Pending,False,True,<250kb,lea-1,No Splits,Weak,Reviewed,False,<20,"April 26, 2023 6:03 AM",5.026593640430075,0.33574647958222187,2,LOCO,V,Tom,,,
length_Cadmium_dichloride,X:12484794,Pending,False,False,250..500kb,No clear candidate,No Splits,Moderate,Reviewed,True,>=20,"April 26, 2023 6:03 AM",4.386024000801838,0.306634077581847,2,LOCO,X,Tim Crombie,,,
length_Silver_nitrate_7_8,I:1622740,Pending,False,False,<250kb,No clear candidate,CB4856 x N2,Moderate,Reviewed,False,>=20,"April 26, 2023 6:03 AM",4.741623755459681,0.07080041260124359,1,INBRED,I,Ryan McKeown,,,
length_Chlorothalonil,I:1741155,Pending,False,False,<250kb,No clear candidate,CB4856 x N2,Moderate,Reviewed,False,>=20,"April 26, 2023 6:03 AM",4.652578255761271,0.1649324435901999,1,INBRED,I,Amanda,,,
length_Doramectin,II:13141295,Pending,False,False,<250kb,No clear candidate,CB4856 x N2,Moderate,Reviewed,True,>=20,"April 26, 2023 6:03 AM",4.565298592497479,0.07734324885463573,1,LOCO,II,Faruk Dube,,,
CV_length_Triphenyl_phosphate_50,I:1503347,Pending,False,False,<250kb,aatf-1,No Splits,Moderate,Reviewed,True,<20,"April 26, 2023 6:03 AM",5.176180950127116,0.17242302598716225,1,INBRED,I,Erik Andersen,,,
length_Selamectin,III:12421879,Pending,False,False,<250kb,No clear candidate,No Splits,Weak,Reviewed,True,<20,"April 26, 2023 6:03 AM",8.471488230338565,0.09859771787844818,3,INBRED,III,Nicolas Moya,,,
CV_length_Emodepside,I:1830282,Pending,False,False,<250kb,No clear candidate,CB4856 x N2,Moderate,Reviewed,False,>=20,"April 26, 2023 6:03 AM",4.898727335695466,0.1857851377339293,1,INBRED,I,Amanda,,,
CV_length_Zinc_dichloride,V:4430383,Pending,False,False,<250kb,exc-15,No Splits,Weak,Reviewed,False,<20,"April 26, 2023 6:03 AM",4.763231042251127,0.046307508705592665,2,LOCO,V,Erik Andersen,,,
length_Pyraclostrobin,IV:6902583,Pending,False,True,250..500kb,To Review,No Splits,Moderate,Reviewed,True,<20,"April 26, 2023 6:03 AM",5.20733591118347,0.274260618872225,2,LOCO,IV,Tim Crombie,,,
CV_length_Silver_nitrate_250,III:7133141,Pending,False,False,<250kb,viro-2,No Splits,Moderate,Reviewed,True,>=20,"April 26, 2023 6:03 AM",5.943403835999951,0.15628702879059495,2,INBRED,III,Ryan McKeown,,,
length_Paraquat_250,V:4575583,Pending,False,False,250..500kb,No clear candidate,CB4856 x N2,Moderate,Reviewed,True,>=20,"April 26, 2023 6:03 AM",4.543974246871947,0.5068882167618495,1,LOCO,V,Nicolas Moya,,,
CV_length_Monepantel_LY3348298_0_55,III:1939628,Pending,False,False,<250kb,No clear candidate,No Splits,Moderate,Reviewed,True,<20,"April 26, 2023 6:03 AM",5.183703670758854,0.08189933535357004,2,INBRED,III,JB,,,
CV_length_Nickel_dichloride,I:1113062,Pending,False,False,250..500kb,"ZK993.2, ZK993.5, madf-6",No Splits,Moderate,Reviewed,False,<20,"April 26, 2023 6:03 AM",4.76925994345651,0.18976748070834037,1,LOCO,I,Ryan McKeown,,,
CV_length_Emodepside,I:12908334,Pending,False,False,<250kb,No clear candidate,CB4856 x N2,Weak,Reviewed,False,<20,"April 26, 2023 6:03 AM",4.179837306804911,0.1857851377339293,3,INBRED,I,Amanda,,,
CV_length_Emodepside,X:14244239,Pending,False,False,<250kb,K06G5.1,No Splits,Moderate,Reviewed,False,>=20,"April 26, 2023 6:03 AM",5.051174943478757,0.1857851377339293,7,INBRED,X,Amanda,,,
length_Cry5B,IV:1502255,Pending,False,False,<250kb,No clear candidate,No Splits,Moderate,Reviewed,True,>=20,"April 26, 2023 6:03 AM",4.598241141788506,0.5288499725018594,2,LOCO,IV,JB,,,
length_Aldicarb,III:8311919,Pending,False,False,<250kb,F10E9.3,No Splits,Weak,Reviewed,False,<20,"April 26, 2023 6:03 AM",5.5642957516105485,0.17415020467427314,1,LOCO,III,Robyn Tanny,,,
length_Zoetis_00507244,IV:7047669,Pending,False,False,>500kb,No clear candidate,No Splits,Strong,Reviewed,False,>=20,"April 26, 2023 6:03 AM",7.130747739799549,0.3627829581985056,1,LOCO,IV,Tim Crombie,,,
length_Pyrantel_cytrate_9_38,II:239574,Pending,False,False,250..500kb,No clear candidate,No Splits,Strong,Reviewed,True,<20,"April 26, 2023 6:03 AM",8.945816090222994,0.2839241185100373,1,LOCO,II,JB,,,
length_Aldicarb,IV:16631628,Pending,False,False,<250kb,"T06A10.1, Y51H4A.2",CB4856 x N2,Moderate,Reviewed,False,>=20,"April 26, 2023 6:03 AM",4.42285646470549,0.17415020467427314,4,INBRED,IV,Robyn Tanny,,,
CV_length_Silver_nitrate_250,V:986721,Pending,False,False,<250kb,unc-34,No Splits,Strong,Reviewed,True,>=20,"April 26, 2023 6:03 AM",4.416121401501374,0.15628702879059495,5,INBRED,V,Ryan McKeown,,,
length_Mebendazole,X:951033,Pending,False,False,<250kb,igcm-1,No Splits,Moderate,Reviewed,True,<20,"April 26, 2023 6:03 AM",4.786145032061323,0.18566611813560524,4,INBRED,X,JB,,,
length_Monepantel_LY3348298_0_55,II:4333386,Pending,False,False,<250kb,No clear candidate,No Splits,Moderate,Reviewed,True,>=20,"April 26, 2023 6:03 AM",5.254014613967951,0.4022808915665161,1,LOCO,II,JB,,,
length_Zoetis_00507244,IV:8635458,Pending,False,False,250..500kb,cla-1,No Splits,Strong,Reviewed,False,>=20,"April 26, 2023 6:03 AM",5.251319018421314,0.3627829581985056,1,INBRED,IV,Tim Crombie,,,
length_Doramectin,I:2257541,Pending,False,False,<250kb,"gcy-26, sydn-1",No Splits,Moderate,Reviewed,To Review,>=20,"April 26, 2023 6:03 AM",4.304099991257801,0.07734324885463573,1,INBRED,I,Faruk Dube,,,
length_Triphenyl_phosphate_50,V:15984894,Pending,False,False,<250kb,No clear candidate,No Splits,Moderate,Reviewed,True,<20,"April 26, 2023 6:03 AM",4.579862645406175,0.33723945876831407,3,LOCO,V,Erik Andersen,,,
length_Cry5B,V:15984894,Pending,True,False,<250kb,No clear candidate,No Splits,Moderate,Reviewed,False,<20,"April 26, 2023 6:03 AM",4.267320825574193,0.5288499725018594,4,LOCO,V,JB,,,
length_Zoetis_7027178,V:533342,Pending,True,False,250..500kb,nhr-132,No Splits,Moderate,Reviewed,True,>=20,"April 26, 2023 6:03 AM",6.394992488204879,0.36119565769652134,1,LOCO,V,JB,,,
CV_length_Triphenyl_phosphate_50,V:7577699,Pending,False,False,250..500kb,MANY,No Splits,Weak,Reviewed,True,<20,"April 26, 2023 6:03 AM",4.29692195155769,0.17242302598716225,3,INBRED,V,Erik Andersen,,,
length_Mebendazole,III:12667858,Pending,False,False,<250kb,No clear candidate,To Review,Moderate,Reviewed,True,>=20,"April 26, 2023 6:03 AM",5.436751549902714,0.18566611813560524,3,INBRED,III,JB,,,
length_Doramectin,II:13141295,Pending,False,False,<250kb,No clear candidate,CB4856 x N2,Moderate,Reviewed,True,>=20,"April 26, 2023 6:03 AM",5.841387257504724,0.07734324885463573,2,INBRED,II,Faruk Dube,,,
length_Selamectin,X:11896123,Pending,False,False,>500kb,No clear candidate,No Splits,Moderate,Reviewed,True,>=20,"April 26, 2023 6:03 AM",6.704707856983649,0.09859771787844818,8,INBRED,X,Nicolas Moya,,,
lengthSelamectin,,,,,,,,,Not started,,,"May 23, 2023 4:18 PM",,,,,,,,,
length_Albendazole,X:15568039,Pending,False,False,<250kb,No clear candidate,No Splits,Weak,Not started,True,>=20,"April 26, 2023 6:03 AM",4.340339510240968,0.21830985180650717,5,LOCO,X,Robyn Tanny,,,
length_Lead_nitrate,V:4520714,Pending,False,False,<250kb,"Pending, T28F12.1, sos-1",No Splits,Strong,Not started,True,<20,"April 26, 2023 6:03 AM",4.978351832122851,0.2657153566144125,1,LOCO,V,Etta Schaye,,,
length_Levamisole,II:2222527,Pending,True,False,<250kb,bath-13,No Splits,Weak,Not started,True,<20,"April 26, 2023 6:03 AM",4.349414694981601,0.15556350119353932,1,INBRED,II,Etta Schaye,,,
length_Albendazole,X:1151514,Pending,False,False,<250kb,No clear candidate,CB4856 x N2,Weak,Not started,True,>=20,"April 26, 2023 6:03 AM",4.492800111416685,0.21830985180650717,3,LOCO,X,Robyn Tanny,,,
CV_length_Bacterial_dilution,III:5584793,Pending,False,False,<250kb,Pending,No Splits,Moderate,Not started,False,>=20,"April 26, 2023 6:03 AM",4.202792724307273,0.22857543749744808,2,INBRED,III,,,,
length_DMSO,X:5924584,Pending,False,False,<250kb,Pending,CB4856 x N2,Moderate,Not started,False,>=20,"April 26, 2023 6:03 AM",5.084534207694141,0.4636278724576462,2,LOCO,X,,,,
length_Albendazole,II:2222527,Pending,True,True,250..500kb,MANY,No Splits,Weak,Not started,True,<20,"April 26, 2023 6:03 AM",9.573978612713933,0.21830985180650717,1,INBRED,II,Robyn Tanny,,,
CV_length_Closantel,II:6714399,Pending,False,False,<250kb,"T13C2.6, T14B4.1",No Splits,Strong,Not started,True,>=20,"April 26, 2023 6:03 AM",5.294311579718894,0.10626007613376183,2,LOCO,II,Etta Schaye,,,
CV_length_Water,IV:2317449,Pending,False,False,<250kb,Pending,No Splits,Strong,Not started,False,<20,"April 26, 2023 6:03 AM",5.278110279524976,0.13540725526402816,3,INBRED,IV,,,,
CV_length_Closantel,II:9807871,Pending,False,False,<250kb,No clear candidate,No Splits,Moderate,Not started,True,>=20,"April 26, 2023 6:03 AM",5.750980290599184,0.10626007613376183,3,INBRED,II,Etta Schaye,,,
CV_length_Closantel,II:6714399,Pending,False,False,<250kb,No clear candidate,No Splits,Moderate,Not started,True,>=20,"April 26, 2023 6:03 AM",6.760240187492815,0.10626007613376183,2,INBRED,II,Etta Schaye,,,
length_Albendazole,X:776748,Pending,False,False,250..500kb,"ZK1193.2, ZK402.5, igcm-1",No Splits,Weak,Not started,True,<20,"April 26, 2023 6:03 AM",4.956822483814712,0.21830985180650717,7,INBRED,X,Robyn Tanny,,,
length_Albendazole,IV:5077283,Pending,False,False,<250kb,No clear candidate,No Splits,Weak,Not started,True,<20,"April 26, 2023 6:03 AM",4.701998888592482,0.21830985180650717,6,INBRED,IV,Robyn Tanny,,,
CV_length_Fenbendazole,I:14576765,Pending,False,False,<250kb,No clear candidate,CB4856 x N2,Moderate,Not started,False,<20,"April 26, 2023 6:03 AM",4.25984977194944,0.04115023299359326,1,INBRED,I,,,,
length_Albendazole,III:7831877,Pending,False,False,<250kb,No clear candidate,CB4856 x N2,Weak,Not started,True,>=20,"April 26, 2023 6:03 AM",4.390863602060837,0.21830985180650717,4,INBRED,III,Robyn Tanny,,,
CV_length_Bacterial_dilution,V:4728368,Pending,False,False,<250kb,Pending,No Splits,Moderate,Not started,False,<20,"April 26, 2023 6:03 AM",5.234295690048844,0.22857543749744808,3,INBRED,V,,,,
length_Fenbendazole,X:1046908,Pending,False,False,<250kb,No clear candidate,CB4856 x N2,Weak,Not started,False,<20,"April 26, 2023 6:03 AM",4.714287452837542,0.2467950314453448,3,LOCO,X,Etta Schaye,,,
length_Albendazole,II:13297042,Pending,False,True,<250kb,Y48E1C.1,No Splits,Weak,Not started,True,<20,"April 26, 2023 6:03 AM",4.980281517676808,0.21830985180650717,3,INBRED,II,Robyn Tanny,,,
CV_length_Water,V:18506168,Pending,False,False,<250kb,Pending,No Splits,Moderate,Not started,False,>=20,"April 26, 2023 6:03 AM",5.213326644336129,0.13540725526402816,2,LOCO,V,,,,
length_Levamisole,X:5955567,Pending,False,False,<250kb,"F49E10.2, R07E4.5",No Splits,Moderate,Not started,True,>=20,"April 26, 2023 6:03 AM",4.763435029190533,0.15556350119353932,8,INBRED,X,Etta Schaye,,,
length_Closantel,II:1157320,Pending,False,False,250..500kb,fbxb-41,No Splits,Strong,Not started,False,>=20,"April 26, 2023 6:03 AM",9.205477099644579,0.6825646093096107,1,LOCO,II,Amanda,,,
length_Bacterial_dilution,IV:4316261,Pending,False,False,<250kb,Pending,No Splits,Moderate,Not started,False,<20,"April 26, 2023 6:03 AM",4.8391804535198695,0.10164852557790731,2,LOCO,IV,,,,
CV_length_Morantel,X:10701293,Pending,False,False,<250kb,Pending,No Splits,Moderate,Not started,False,>=20,"April 26, 2023 6:03 AM",5.134945204735381,0.3494402218989469,2,LOCO,X,Etta Schaye,,,
length_Albendazole,X:3277728,Pending,False,False,<250kb,K09C4.1,No Splits,Weak,Not started,True,<20,"April 26, 2023 6:03 AM",5.444215342099673,0.21830985180650717,4,LOCO,X,Robyn Tanny,,,
CV_length_Water,V:18506168,Pending,False,False,<250kb,Pending,No Splits,Strong,Not started,False,>=20,"April 26, 2023 6:03 AM",6.58847625341821,0.13540725526402816,4,INBRED,V,,,,
length_Morantel,X:10701293,Pending,False,False,<250kb,Pending,No Splits,Moderate,Not started,False,>=20,"April 26, 2023 6:03 AM",4.631971722840937,0.2712457973524818,2,INBRED,X,Etta Schaye,,,
CV_length_Closantel,II:9807871,Pending,False,False,<250kb,No clear candidate,No Splits,Strong,Not started,True,>=20,"April 26, 2023 6:03 AM",4.46111096425636,0.10626007613376183,3,LOCO,II,Etta Schaye,,,
length_Closantel,II:9807871,Pending,False,False,<250kb,No clear candidate,No Splits,Strong,Not started,False,>=20,"April 26, 2023 6:03 AM",4.573426933331906,0.6825646093096107,2,LOCO,II,Amanda,,,
length_Levamisole,III:3971307,Pending,False,False,250..500kb,"F37A8.2, Y38E10A.3, cnnm-5, cyp-25A3, rcq-5, tir-1",No Splits,Weak,Not started,False,<20,"April 26, 2023 6:03 AM",4.287123951910236,0.15556350119353932,1,LOCO,III,Etta Schaye,,,
length_Bacterial_dilution,IV:4316261,Pending,False,False,<250kb,Pending,No Splits,Moderate,Not started,False,<20,"April 26, 2023 6:03 AM",4.743202905137208,0.10164852557790731,2,INBRED,IV,,,,
length_Fenbendazole,X:3277728,Pending,False,False,<250kb,No clear candidate,No Splits,Weak,Not started,False,<20,"April 26, 2023 6:03 AM",5.403758181595689,0.2467950314453448,4,LOCO,X,Etta Schaye,,,
length_Albendazole,III:12512872,Pending,False,False,<250kb,No clear candidate,No Splits,Weak,Not started,True,<20,"April 26, 2023 6:03 AM",4.595773694331446,0.21830985180650717,2,LOCO,III,Robyn Tanny,,,
length_Levamisole,IV:15378958,Pending,True,False,<250kb,pkd-2,No Splits,Strong,Not started,True,<20,"April 26, 2023 6:03 AM",5.851721336189944,0.15556350119353932,7,INBRED,IV,Etta Schaye,,,
CV_length_Closantel,II:4494791,Pending,False,False,<250kb,MANY,No Splits,Moderate,Not started,True,>=20,"April 26, 2023 6:03 AM",4.745763798831879,0.10626007613376183,1,INBRED,II,Etta Schaye,,,
length_Fenbendazole,III:12491909,Pending,False,False,<250kb,No clear candidate,No Splits,Weak,Not started,False,<20,"April 26, 2023 6:03 AM",4.819163312980693,0.2467950314453448,2,LOCO,III,Etta Schaye,,,
length_Fenbendazole,II:2222527,Pending,True,False,<250kb,MANY,No Splits,Weak,Not started,False,<20,"April 26, 2023 6:03 AM",6.93234155082052,0.2467950314453448,1,LOCO,II,Etta Schaye,,,
CV_length_Morantel,II:14012135,Pending,False,False,<250kb,No clear candidate,CB4856 x N2,Weak,Not started,False,<20,"April 26, 2023 6:03 AM",4.251890308170081,0.3494402218989469,1,LOCO,II,Etta Schaye,,,
length_Levamisole,IV:4522219,Pending,False,False,<250kb,"ZK180.6, str-174",No Splits,Strong,Not started,True,<20,"April 26, 2023 6:03 AM",4.816676050866933,0.15556350119353932,6,INBRED,IV,Etta Schaye,,,
CV_length_Pyrantel_cytrate_37_5,V:2124321,Pending,False,False,<250kb,"No clear candidate, Pending",No Splits,Strong,Not started,False,<20,"April 26, 2023 6:03 AM",4.16328481553566,0.19816049575418163,1,LOCO,V,Etta Schaye,,,
length_Bacterial_dilution,III:12760737,Pending,False,False,<250kb,Pending,No Splits,Moderate,Not started,False,>=20,"April 26, 2023 6:03 AM",4.675985201963712,0.10164852557790731,1,LOCO,III,,,,
length_Albendazole,X:3277728,Pending,False,True,250..500kb,K09C4.1,No Splits,Weak,Not started,True,<20,"April 26, 2023 6:03 AM",6.50704136099968,0.21830985180650717,8,INBRED,X,Robyn Tanny,,,
length_Albendazole,II:2222527,Pending,True,False,<250kb,"bath-13, cbs-2",No Splits,Weak,Not started,True,<20,"April 26, 2023 6:03 AM",6.892539026403621,0.21830985180650717,1,LOCO,II,Robyn Tanny,,,
CV_length_Fenbendazole,II:12659729,Pending,False,False,<250kb,"Y38E10A.1, rgs-4",No Splits,Weak,Not started,False,<20,"April 26, 2023 6:03 AM",5.277508398028252,0.04115023299359326,2,INBRED,II,,,,
length_Fenbendazole,II:2222527,Pending,True,False,<250kb,MANY,No Splits,Weak,Not started,False,<20,"April 26, 2023 6:03 AM",5.021785690695226,0.2467950314453448,1,INBRED,II,Etta Schaye,,,
length_Bacterial_dilution,V:756718,Pending,False,False,<250kb,Pending,No Splits,Moderate,Not started,False,<20,"April 26, 2023 6:03 AM",4.284431168139219,0.10164852557790731,4,INBRED,V,,,,
CV_length_Doramectin,III:3167851,Pending,False,False,<250kb,"C44B11.4, H06I04.1",CB4856 x N2,Weak,Not started,True,>=20,"April 26, 2023 6:03 AM",4.418092419852108,0.058839581697736607,1,INBRED,III,Faruk Dube,,,
CV_length_Water,IV:1470216,Pending,False,False,<250kb,Pending,No Splits,Moderate,Not started,False,>=20,"April 26, 2023 6:03 AM",4.211770803598216,0.13540725526402816,2,INBRED,IV,,Erik Andersen,,
length_Morantel,II:13779444,Pending,False,False,<250kb,"C01B9.1, his-42",CB4856 x N2,Strong,Not started,False,>=20,"April 26, 2023 6:03 AM",4.166125846468512,0.2712457973524818,1,INBRED,II,Etta Schaye,,,
CV_length_Closantel,IV:2462292,Pending,False,False,<250kb,MANY,CB4856 x N2,Strong,Not started,True,>=20,"April 26, 2023 6:03 AM",4.643079690879017,0.10626007613376183,4,INBRED,IV,Etta Schaye,,,
CV_length_Levamisole,IV:15378958,Pending,False,False,<250kb,pk2-d,No Splits,Weak,Not started,True,<20,"April 26, 2023 6:03 AM",5.176337356593391,0.17616942792924076,2,INBRED,IV,Etta Schaye,,,
length_Morantel,X:10701293,Pending,False,False,<250kb,Pending,No Splits,Strong,Not started,False,>=20,"April 26, 2023 6:03 AM",6.674100701459594,0.2712457973524818,2,LOCO,X,Etta Schaye,,,
CV_length_Fenbendazole,II:12659729,Pending,False,False,<250kb,"Y38E10A.1, rgs-4",No Splits,Weak,Not started,False,<20,"April 26, 2023 6:03 AM",4.9400618950075,0.04115023299359326,1,LOCO,II,,,,
CV_length_Water,III:3495573,Pending,False,False,<250kb,Pending,No Splits,Strong,Not started,False,>=20,"April 26, 2023 6:03 AM",5.909844270575786,0.13540725526402816,1,INBRED,III,,,,
CV_length_Water,III:3495573,Pending,False,False,<250kb,Pending,No Splits,Moderate,Not started,False,>=20,"April 26, 2023 6:03 AM",4.746807430121557,0.13540725526402816,1,LOCO,III,,,,
length_Levamisole,III:2192356,Pending,False,False,<250kb,,No Splits,Strong,Not started,True,>=20,"April 26, 2023 6:03 AM",4.255653809281381,0.15556350119353932,3,INBRED,III,Etta Schaye,,,
length_Albendazole,III:12491909,Pending,False,False,<250kb,No clear candidate,No Splits,Weak,Not started,True,<20,"April 26, 2023 6:03 AM",6.508215425233867,0.21830985180650717,5,INBRED,III,Robyn Tanny,,,
length_DMSO,III:2541352,Pending,False,False,<250kb,Pending,No Splits,Moderate,Not started,False,>=20,"April 26, 2023 6:03 AM",5.0966435465333255,0.4636278724576462,1,LOCO,III,,,,
CV_length_Bacterial_dilution,II:5962693,Pending,False,False,<250kb,Pending,No Splits,Moderate,Not started,False,<20,"April 26, 2023 6:03 AM",4.460981643618416,0.22857543749744808,1,INBRED,II,,,,
length_Bacterial_dilution,IV:15378958,Pending,False,False,<250kb,Pending,No Splits,Moderate,Not started,False,<20,"April 26, 2023 6:03 AM",4.21631433693118,0.10164852557790731,3,INBRED,IV,,,,
length_Levamisole,III:8750423,Pending,False,False,<250kb,"B0303.4, K02D10.1, mig-22, nac-2, sma-1, ugtp-1, zft-1",No Splits,Strong,Not started,True,>=20,"April 26, 2023 6:03 AM",5.398540836211069,0.15556350119353932,5,INBRED,III,Etta Schaye,,,
length_Levamisole,IV:15378958,Pending,True,False,<250kb,pkd-2,No Splits,Weak,Not started,False,<20,"April 26, 2023 6:03 AM",4.178833784001657,0.15556350119353932,2,LOCO,IV,Etta Schaye,,,
length_Morantel,II:13779444,Pending,False,False,<250kb,"C01B9.1, his-42",CB4856 x N2,Strong,Not started,False,>=20,"April 26, 2023 6:03 AM",5.66655272550325,0.2712457973524818,1,LOCO,II,Etta Schaye,,,
CV_length_Closantel,II:4494791,Pending,False,False,<250kb,MANY,No Splits,Strong,Not started,True,>=20,"April 26, 2023 6:03 AM",4.198278061199798,0.10626007613376183,1,LOCO,II,Etta Schaye,,,
length_Levamisole,II:13665333,Pending,True,False,<250kb,,No Splits,Weak,Not started,True,<20,"April 26, 2023 6:03 AM",5.035862045887058,0.15556350119353932,2,INBRED,II,Etta Schaye,,,
CV_length_Levamisole,III:2878048,Pending,False,False,<250kb,"H05C05.1, H34I24.1, Pending, swsn-3",CB4856 x N2,Moderate,Not started,True,>=20,"April 26, 2023 6:03 AM",4.236260624118633,0.17616942792924076,1,INBRED,III,Etta Schaye,,,
length_Levamisole,III:3673906,Pending,False,False,<250kb,,No Splits,Strong,Not started,True,>=20,"April 26, 2023 6:03 AM",4.987804149252768,0.15556350119353932,4,INBRED,III,Etta Schaye,,,
length_Fenbendazole,X:15534941,Pending,False,False,<250kb,No clear candidate,No Splits,Weak,Not started,False,>=20,"April 26, 2023 6:03 AM",5.594853498837392,0.2467950314453448,5,LOCO,X,Etta Schaye,,,
length_Water,X:5924584,Pending,False,False,<250kb,Pending,CB4856 x N2,Moderate,Not started,False,>=20,"April 26, 2023 6:03 AM",4.94767165013739,0.42567042348592504,1,LOCO,X,,,,
length_Albendazole,II:7758794,Pending,False,True,>500kb,No clear candidate,No Splits,Weak,Not started,True,<20,"April 26, 2023 6:03 AM",4.323124481947189,0.21830985180650717,2,INBRED,II,Robyn Tanny,,,
length_Albendazole,X:15846154,Pending,False,False,>500kb,MANY,CB4856 x N2,Weak,Not started,True,>=20,"April 26, 2023 6:03 AM",4.452794063634731,0.21830985180650717,9,INBRED,X,Robyn Tanny,,,