Interval	Marker	Gene	Details	WBGeneID	Interval Rank	Log10p	LD (r2)	MAF	Beta Coefficient	Reference Allele	Alternative Allele	Locus ID	Common Name	WormBase ID	Ahringer RNAi Clone Location	Ensembl ID	HGNC Symbol	No. of Programs	Databases	SMART IDs	InterPro Domains	OMIM Phenotypes
Chlorothalonil (III:4478684)	III:7137768	B0280.11	Putative tyrosine-protein phosphatase B0280.11	WBGene00015106	9	10.3755893814641	0.890227	0.348718	-7.10739	T	C	NA	NA	NA	NA	NA	NA	NA	NA	NA	NA	NA
Paraquat 62.5 uM (II:13675568)	II:13776518	C01B9.1	Uncharacterized protein	WBGene00007220	16	6.98219869200524	0.927938	0.158974	14.5559	G	T	NA	NA	NA	NA	NA	NA	NA	NA	NA	NA	NA
Chlorothalonil (III:4478684)	III:7004710	C06E8.5	Uncharacterized protein	WBGene00015544	9	10.8699038398178	0.850514	0.358974	-7.23409	T	C	NA	NA	NA	NA	NA	NA	NA	NA	NA	NA	NA
Chlorothalonil (III:4478684)	III:6192023	C23G10.5	FBA_2 domain-containing protein	WBGene00016012	9	8.97514177558146	0.831497	0.364103	-6.52098	A	C	NA	NA	NA	NA	NA	NA	NA	NA	NA	NA	NA
Chlorothalonil (III:4478684)	III:4858775	C35D10.7	Uncharacterized protein	WBGene00016444	9	10.8946311493124	0.932347	0.338462	-7.34136	T	A	NA	NA	NA	NA	NA	NA	NA	NA	NA	NA	NA
Chlorothalonil (III:4478684)	III:3761994	C44F1.1	Uncharacterized protein	WBGene00008091	9	9.37048095551166	0.850514	0.358974	-6.69283	T	C	NA	NA	NA	NA	NA	NA	NA	NA	NA	NA	NA
Chlorothalonil (III:4478684)	III:5054749	C45G9.9	Uncharacterized protein	WBGene00016680	9	10.8946311493124	0.932347	0.338462	-7.34136	C	T	NA	NA	NA	NA	NA	NA	NA	NA	NA	NA	NA
Mercury (III:2461452)	III:2462877	E02H9.3	Uncharacterized protein	WBGene00017101	2	10.3545736519513	1	0.133333	-35.6024	C	A	NA	NA	NA	NA	NA	NA	NA	NA	NA	NA	NA
Mercury (III:2461452)	III:2445451	E02H9.7	Uncharacterized protein	WBGene00017105	2	11.157084869003	0.913212	0.133333	-37.8698	T	G	NA	NA	NA	NA	NA	NA	NA	NA	NA	NA	NA
Mercury (III:2461452)	III:2468253	E02H9.9	Uncharacterized protein	WBGene00017106	2	11.5284259796379	0.955882	0.128205	-38.3013	C	T	NA	NA	NA	NA	NA	NA	NA	NA	NA	NA	NA
Chlorothalonil (II:5392976)	II:5396567	EEED8.10	Putative RNA-binding protein EEED8.10	WBGene00017138	1	18.2888019661438	1	0.215385	-10.8962	T	A	NA	NA	WBGene00017138	II-4K06	ENSG00000161040	FBXL13	1	OMA	SM00367	IPR000504 "RNA recognition motif domain"|IPR006553 "Leucine-rich repeat, cysteine-containing subtype"|IPR012677 "Nucleotide-binding alpha-beta plait domain"|IPR032675 "Leucine-rich repeat domain, L domain-like"	NA
Arsenic (II:13692527)	II:14020696	F01D5.10	Uncharacterized protein	WBGene00008500	7	8.89356805364019	0.824891	0.128205	-14.8966	T	C	NA	NA	NA	NA	NA	NA	NA	NA	NA	NA	NA
Arsenic (II:13692527)	II:14009212	F01D5.7	Hydrolase_4 domain-containing protein	WBGene00008497	7	8.89356805364019	0.824891	0.128205	-14.8966	G	A	NA	NA	NA	NA	NA	NA	NA	NA	NA	NA	NA
Chlorothalonil (II:5392976)	II:5423524	F07F6.7	Uncharacterized protein	WBGene00017219	1	18.2888019661438	1	0.215385	-10.8962	T	C	NA	NA	WBGene00017219	II-11G03	ENSG00000100336	APOL4	1	OrthoMCL	NA	IPR008405 "Apolipoprotein L"	Schizophrenia, 181500
Chlorothalonil (II:5392976)	II:5423524	F07F6.7	Uncharacterized protein	WBGene00017219	1	18.2888019661438	1	0.215385	-10.8962	T	C	NA	NA	WBGene00017219	II-11G03	ENSG00000128284	APOL3	1	OrthoMCL	NA	IPR008405 "Apolipoprotein L"	NA
Chlorothalonil (III:4478684)	III:4585378	F35G12.5	Uncharacterized protein	WBGene00009442	9	11.5685904063603	0.955224	0.34359	-7.54418	T	C	NA	NA	NA	NA	NA	NA	NA	NA	NA	NA	NA
Cadmium (X:5955567)	X:5893384	F49E10.2	Uncharacterized protein	WBGene00018640	22	13.3813672941696	0.751184	0.353846	18.4872	C	T	NA	NA	NA	NA	NA	NA	NA	NA	NA	NA	NA
Chlorothalonil (III:4478684)	III:5094917	F54D8.10	Uncharacterized protein	WBGene00284847	9	9.38776155523722	0.850514	0.358974	-6.69938	T	A	NA	NA	NA	NA	NA	NA	NA	NA	NA	NA	NA
Arsenic (III:1642838)	III:1114888	F58B6.1	Lipase_3 domain-containing protein	WBGene00019029	5	11.6043370541643	0.82659	0.112821	-18.0921	T	C	NA	NA	NA	NA	NA	NA	NA	NA	NA	NA	NA
Carbaryl (I:2596756)	I:2600381	K07A3.3	Uncharacterized protein	WBGene00019461	21	11.2593303062002	0.920876	0.45641	-11.8152	C	T	NA	NA	WBGene00019461	I-1G08|I-9I19	ENSG00000166855	CLPX	2	Ensembl Compara 87-89|OMA	SM00382|SM01086	IPR003593 "AAA+ ATPase domain"|IPR003959 "ATPase, AAA-type, core"|IPR019489 "Clp ATPase, C-terminal"|IPR027417 "P-loop containing nucleoside triphosphate hydrolase"	NA
Aldicarb (X:13252751)	X:13239655	K08H2.4	Uncharacterized protein	WBGene00010691	17	7.75536685523969	0.887446	0.210256	21.9015	C	A	NA	NA	NA	NA	NA	NA	NA	NA	NA	NA	NA
Cadmium (X:5955567)	X:6727747	K11G12.6	Lipase maturation factor	WBGene00019657	22	7.9481307355124	0.777538	0.323077	14.6223	A	G	NA	NA	WBGene00019657	X-3H07	ENSG00000100258	LMF2	6	Ensembl Compara 87-89|Homologene|InParanoid|OMA|OrthoInspector|OrthoMCL	NA	IPR009613 "Lipase maturation factor"	NA
Cadmium (X:5955567)	X:6727747	K11G12.6	Lipase maturation factor	WBGene00019657	22	7.9481307355124	0.777538	0.323077	14.6223	A	G	NA	NA	WBGene00019657	X-3H07	ENSG00000103227	LMF1	1	Ensembl Compara 87-89	NA	IPR009613 "Lipase maturation factor"	Lipase deficiency, combined, 246650
Chlorothalonil (III:4478684)	III:4544094	M88.3	Uncharacterized protein	WBGene00010906	9	12.2693149404654	0.977273	0.338462	-7.80113	A	C	NA	NA	NA	NA	NA	NA	NA	NA	NA	NA	NA
Cadmium (X:5955567)	X:5951366	R07E4.5	Uncharacterized protein	WBGene00019938	22	13.0574374313255	0.757664	0.364103	18.2657	G	T	NA	NA	NA	NA	NA	NA	NA	NA	NA	NA	NA
Chlorothalonil (III:4478684)	III:7229752	R151.8	Myb-like domain-containing protein	WBGene00020111	9	10.3755893814641	0.890227	0.348718	-7.10739	T	C	NA	NA	WBGene00020111	III-3J04|III-8F04	ENSG00000007545	CRAMP1	1	Ensembl Compara 87-89	SM00717	IPR001005 "SANT/Myb domain"	NA
Chlorothalonil (III:4478684)	III:7229752	R151.8	Myb-like domain-containing protein	WBGene00020111	9	10.3755893814641	0.890227	0.348718	-7.10739	T	C	NA	NA	WBGene00020111	III-3J04|III-8F04	ENSG00000261732	NA	1	Ensembl Compara 87-89	NA	IPR001005 "SANT/Myb domain"	NA
Chlorothalonil (II:5392976)	II:8046836	T05H10.1	USP domain-containing protein	WBGene00011507	1	11.9312600304386	0.78842	0.246154	-8.44475	C	T	NA	NA	WBGene00011507	II-5N24	ENSG00000170242	USP47	4	Ensembl Compara 87-89|InParanoid|OrthoInspector|OrthoMCL	NA	IPR001394 "Peptidase C19, ubiquitin carboxyl-terminal hydrolase"	NA
Aldicarb (IV:16631628)	IV:16867801	T06A10.107	Uncharacterized protein	WBGene00235300	19	6.1747962138913	0.940012	0.471795	-18.4316	T	G	NA	NA	NA	NA	NA	NA	NA	NA	NA	NA	NA
Arsenic (II:13692527)	II:13911851	W02B8.2	Uncharacterized protein	WBGene00012198	7	9.94804150214606	0.909302	0.117949	-16.3852	T	C	NA	NA	WBGene00012198	II-8N14	ENSG00000122966	CIT	2	InParanoid|OrthoMCL	SM00036|SM00109|SM00133|SM00220|SM00233	IPR001180 "Citron homology (CNH) domain"|IPR001849 "Pleckstrin homology domain"|IPR002219 "Protein kinase C-like, phorbol ester/diacylglycerol-binding domain"|IPR011993 "PH domain-like"	Microcephaly 17, primary, autosomal recessive, 617090
Chlorothalonil (III:4478684)	III:6736329	Y102E9.6	Uncharacterized protein	WBGene00044453	9	10.3755893814641	0.890227	0.348718	-7.10739	G	A	NA	NA	NA	NA	NA	NA	NA	NA	NA	NA	NA
Aldicarb (IV:16631628)	IV:16989319	Y116A8C.11	Uncharacterized protein	WBGene00013791	19	6.1747962138913	0.940012	0.471795	-18.4316	G	A	NA	NA	NA	NA	NA	NA	NA	NA	NA	NA	NA
Arsenic (III:1642838)	III:1189395	Y119D3B.14	Tr-type G domain-containing protein	WBGene00022491	5	11.6043370541643	0.82659	0.112821	-18.0921	T	C	NA	NA	WBGene00022491	III-6P12	ENSG00000164347	GFM2	6	Ensembl Compara 87-89|Homologene|InParanoid|OMA|OrthoInspector|OrthoMCL	SM00838|SM00889	IPR000640 "Translation elongation factor EFG, V domain"|IPR000795 "Transcription factor, GTP-binding domain"|IPR005225 "Small GTP-binding protein domain"|IPR005517 "Translation elongation factor EFG/EF2, domain IV"|IPR009000 "Translation protein, beta-barrel domain"|IPR009022 "Elongation factor G, III-V domain"|IPR014721 "Ribosomal protein S5 domain 2-type fold, subgroup"|IPR020568 "Ribosomal protein S5 domain 2-type fold"|IPR027417 "P-loop containing nucleoside triphosphate hydrolase"	NA
Arsenic (III:1642838)	III:1189395	Y119D3B.14	Tr-type G domain-containing protein	WBGene00022491	5	11.6043370541643	0.82659	0.112821	-18.0921	T	C	NA	NA	WBGene00022491	III-6P12	ENSG00000168827	GFM1	1	OrthoMCL	SM00838|SM00889	IPR000640 "Translation elongation factor EFG, V domain"|IPR000795 "Transcription factor, GTP-binding domain"|IPR005225 "Small GTP-binding protein domain"|IPR005517 "Translation elongation factor EFG/EF2, domain IV"|IPR009000 "Translation protein, beta-barrel domain"|IPR009022 "Elongation factor G, III-V domain"|IPR014721 "Ribosomal protein S5 domain 2-type fold, subgroup"|IPR020568 "Ribosomal protein S5 domain 2-type fold"|IPR027417 "P-loop containing nucleoside triphosphate hydrolase"	Combined oxidative phosphorylation deficiency 1, 609060
Arsenic (III:1642838)	III:1630954	Y22D7AL.11	Uncharacterized protein	WBGene00021249	5	10.1961902070448	0.770979	0.153846	-14.8402	A	T	NA	NA	WBGene00021249	III-8P11	ENSG00000106692	FKTN	2	Ensembl Compara 87-89|InParanoid	NA	IPR009644 "Fukutin-related"	Cardiomyopathy, dilated, 1X, 611615|Muscular dystrophy-dystroglycanopathy (congenital with brain and eye anomalies), type A, 4, 253800|Muscular dystrophy-dystroglycanopathy (congenital without mental retardation), type B, 4, 613152|Muscular dystrophy-dystroglycanopathy (limb-girdle), type C, 4, 611588
Carbaryl (I:2596756)	I:2622341	Y23H5A.2	Uncharacterized protein	WBGene00021269	21	8.50364537887097	0.863254	0.451282	-10.2004	C	A	NA	NA	NA	NA	NA	NA	NA	NA	NA	NA	NA
Chlorothalonil (III:4478684)	III:5398312	Y32H12A.8	WD_REPEATS_REGION domain-containing protein	WBGene00021316	9	10.8946311493124	0.932347	0.338462	-7.34136	A	C	NA	NA	WBGene00021316	III-2F18	ENSG00000127580	WDR24	3	Ensembl Compara 87-89|OrthoInspector|OrthoMCL	SM00320	IPR001680 "WD40 repeat"|IPR015943 "WD40/YVTN repeat-like-containing domain"|IPR017986 "WD40-repeat-containing domain"	NA
Arsenic (III:1642838)	III:1777405	Y39A3CL.4	TLDc domain-containing protein	WBGene00021442	5	11.452234962971	0.913212	0.133333	-16.726	T	C	NA	NA	NA	NA	NA	NA	NA	NA	NA	NA	NA
Arsenic (II:13692527)	II:13991577	Y39G8B.5	Protein kinase domain-containing protein	WBGene00012726	7	8.68288774611376	0.752988	0.138462	-14.2354	T	G	NA	NA	WBGene00012726	II-8P18	ENSG00000085511	MAP3K4	1	Ensembl Compara 87-89	SM00220	IPR000719 "Protein kinase domain"|IPR011009 "Protein kinase-like domain"	NA
Arsenic (II:13692527)	II:13991577	Y39G8B.5	Protein kinase domain-containing protein	WBGene00012726	7	8.68288774611376	0.752988	0.138462	-14.2354	T	G	NA	NA	WBGene00012726	II-8P18	ENSG00000104365	IKBKB	1	Ensembl Compara 87-89	SM00220|SM01239	IPR000719 "Protein kinase domain"|IPR011009 "Protein kinase-like domain"	Immunodeficiency 15, 615592
Arsenic (II:13692527)	II:13991577	Y39G8B.5	Protein kinase domain-containing protein	WBGene00012726	7	8.68288774611376	0.752988	0.138462	-14.2354	T	G	NA	NA	WBGene00012726	II-8P18	ENSG00000213341	CHUK	1	Ensembl Compara 87-89	SM00220|SM01239	IPR000719 "Protein kinase domain"|IPR011009 "Protein kinase-like domain"	Cocoon syndrome, 613630
Arsenic (II:13692527)	II:13991577	Y39G8B.5	Protein kinase domain-containing protein	WBGene00012726	7	8.68288774611376	0.752988	0.138462	-14.2354	T	G	NA	NA	WBGene00012726	II-8P18	ENSG00000263528	IKBKE	1	OrthoInspector	SM00220	IPR000719 "Protein kinase domain"|IPR011009 "Protein kinase-like domain"	NA
Arsenic (III:1642838)	III:1752326	Y46E12A.3	Glutaredoxin domain-containing protein	WBGene00021593	5	9.3669403822992	0.802859	0.148718	-14.3903	T	C	NA	NA	WBGene00021593	III-7C05	ENSG00000215203	GRXCR1	6	Ensembl Compara 87-89|Homologene|InParanoid|OMA|OrthoInspector|OrthoMCL	NA	IPR012336 "Thioredoxin-like fold"	Deafness, autosomal recessive 25, 613285
Arsenic (III:1642838)	III:1752326	Y46E12A.3	Glutaredoxin domain-containing protein	WBGene00021593	5	9.3669403822992	0.802859	0.148718	-14.3903	T	C	NA	NA	WBGene00021593	III-7C05	ENSG00000204928	GRXCR2	1	Ensembl Compara 87-89	NA	IPR012336 "Thioredoxin-like fold"	Deafness, autosomal recessive 101, 615837
Arsenic (III:1642838)	III:2116667	Y48G9A.11	Uncharacterized protein	WBGene00021704	5	13.1538901648591	0.802859	0.148718	-17.1398	A	T	NA	NA	NA	NA	NA	NA	NA	NA	NA	NA	NA
Aldicarb (IV:16631628)	IV:16738382	Y51H4A.24	EGF-like domain-containing protein	WBGene00013118	19	7.68734745150345	1	0.45641	-20.9067	G	T	NA	NA	NA	NA	NA	NA	NA	NA	NA	NA	NA
Aldicarb (IV:16631628)	IV:16629576	Y51H4A.936	Uncharacterized protein	WBGene00194924	19	5.48783273688226	0.797642	0.487179	16.535	A	T	NA	NA	NA	NA	NA	NA	NA	NA	NA	NA	NA
Paraquat 62.5 uM (II:13675568)	II:13723144	Y54G9A.5	Uncharacterized protein	WBGene00013208	16	6.98219869200524	0.927938	0.158974	14.5559	A	G	NA	NA	NA	NA	NA	NA	NA	NA	NA	NA	NA
Chlorothalonil (III:2605810)	III:2605333	Y71H2B.11	Uncharacterized protein	WBGene00022198	20	6.65156387362173	0.86656	0.328205	-5.6681	G	T	NA	NA	NA	NA	NA	NA	NA	NA	NA	NA	NA
Chlorothalonil (III:2605810)	III:2608046	Y71H2B.5	Uncharacterized protein	WBGene00022195	20	9.55223789890646	0.881617	0.271795	-7.28691	A	G	NA	NA	NA	NA	NA	NA	NA	NA	NA	NA	NA
Chlorothalonil (III:1455164)	III:1355001	Y82E9BL.1	Uncharacterized protein	WBGene00022318	18	7.62071748691514	0.796845	0.230769	-6.81021	A	C	NA	NA	NA	NA	NA	NA	NA	NA	NA	NA	NA
Chlorothalonil (III:1455164)	III:1357736	Y82E9BR.8	Uncharacterized protein	WBGene00022341	18	7.67281100605279	0.820862	0.246154	-6.68635	C	G	NA	NA	NA	NA	NA	NA	NA	NA	NA	NA	NA
Chlorothalonil (III:1455164)	III:1359420	Y82E9BR.9	Uncharacterized protein	WBGene00022342	18	7.52603620352968	0.7963	0.241026	-6.6629	C	T	NA	NA	NA	NA	NA	NA	NA	NA	NA	NA	NA
Chlorothalonil (II:5392976)	II:5529171	ZK177.1	Uncharacterized protein	WBGene00022669	1	12.0471493726648	0.81103	0.241026	-8.54689	A	G	NA	NA	NA	NA	NA	NA	NA	NA	NA	NA	NA
Mercury (II:626831)	II:627888	arrd-1	Arrestin_C domain-containing protein	WBGene00020205	6	7.45747247007584	1	0.117949	-31.4304	G	T	NA	NA	NA	NA	NA	NA	NA	NA	NA	NA	NA
Paraquat 62.5 uM (II:13675568)	II:13765443	arrd-11	Arrestin_C domain-containing protein	WBGene00011052	16	6.47319102118204	0.892607	0.164103	13.7159	C	T	R06B9.1	NA	WBGene00011052	II-8H20	ENSG00000105643	ARRDC2	3	Ensembl Compara 87-89|InParanoid|OrthoInspector	SM01017	IPR011021 "Arrestin-like, N-terminal"|IPR011022 "Arrestin C-terminal-like domain"|IPR014752 "Arrestin, C-terminal"|IPR014756 "Immunoglobulin E-set"	NA
Paraquat 62.5 uM (II:13675568)	II:13765443	arrd-11	Arrestin_C domain-containing protein	WBGene00011052	16	6.47319102118204	0.892607	0.164103	13.7159	C	T	R06B9.1	NA	WBGene00011052	II-8H20	ENSG00000140450	ARRDC4	3	Ensembl Compara 87-89|OMA|OrthoInspector	SM01017	IPR011021 "Arrestin-like, N-terminal"|IPR011022 "Arrestin C-terminal-like domain"|IPR014752 "Arrestin, C-terminal"|IPR014756 "Immunoglobulin E-set"	NA
Paraquat 62.5 uM (II:13675568)	II:13765443	arrd-11	Arrestin_C domain-containing protein	WBGene00011052	16	6.47319102118204	0.892607	0.164103	13.7159	C	T	R06B9.1	NA	WBGene00011052	II-8H20	ENSG00000113369	ARRDC3	2	Ensembl Compara 87-89|OrthoInspector	SM01017	IPR011021 "Arrestin-like, N-terminal"|IPR011022 "Arrestin C-terminal-like domain"|IPR014752 "Arrestin, C-terminal"|IPR014756 "Immunoglobulin E-set"	NA
Paraquat 62.5 uM (II:13675568)	II:13765443	arrd-11	Arrestin_C domain-containing protein	WBGene00011052	16	6.47319102118204	0.892607	0.164103	13.7159	C	T	R06B9.1	NA	WBGene00011052	II-8H20	ENSG00000197070	ARRDC1	1	Ensembl Compara 87-89	SM01017	IPR011021 "Arrestin-like, N-terminal"|IPR011022 "Arrestin C-terminal-like domain"|IPR014752 "Arrestin, C-terminal"|IPR014756 "Immunoglobulin E-set"	NA
Paraquat 62.5 uM (II:13675568)	II:13765443	arrd-11	Arrestin_C domain-containing protein	WBGene00011052	16	6.47319102118204	0.892607	0.164103	13.7159	C	T	R06B9.1	NA	WBGene00011052	II-8H20	ENSG00000265972	TXNIP	1	Ensembl Compara 87-89	SM01017	IPR011021 "Arrestin-like, N-terminal"|IPR011022 "Arrestin C-terminal-like domain"|IPR014752 "Arrestin, C-terminal"|IPR014756 "Immunoglobulin E-set"	NA
Paraquat 62.5 uM (II:13675568)	II:13759392	arrd-13	Arrestin_C domain-containing protein	WBGene00011054	16	8.61173466674956	0.928379	0.169231	15.7558	C	T	R06B9.3	NA	WBGene00011054	II-8H24	ENSG00000105643	ARRDC2	3	Ensembl Compara 87-89|InParanoid|OrthoInspector	SM01017	IPR011021 "Arrestin-like, N-terminal"|IPR011022 "Arrestin C-terminal-like domain"|IPR014752 "Arrestin, C-terminal"|IPR014756 "Immunoglobulin E-set"	NA
Paraquat 62.5 uM (II:13675568)	II:13759392	arrd-13	Arrestin_C domain-containing protein	WBGene00011054	16	8.61173466674956	0.928379	0.169231	15.7558	C	T	R06B9.3	NA	WBGene00011054	II-8H24	ENSG00000113369	ARRDC3	2	Ensembl Compara 87-89|OrthoInspector	SM01017	IPR011021 "Arrestin-like, N-terminal"|IPR011022 "Arrestin C-terminal-like domain"|IPR014752 "Arrestin, C-terminal"|IPR014756 "Immunoglobulin E-set"	NA
Paraquat 62.5 uM (II:13675568)	II:13759392	arrd-13	Arrestin_C domain-containing protein	WBGene00011054	16	8.61173466674956	0.928379	0.169231	15.7558	C	T	R06B9.3	NA	WBGene00011054	II-8H24	ENSG00000140450	ARRDC4	2	Ensembl Compara 87-89|OrthoInspector	SM01017	IPR011021 "Arrestin-like, N-terminal"|IPR011022 "Arrestin C-terminal-like domain"|IPR014752 "Arrestin, C-terminal"|IPR014756 "Immunoglobulin E-set"	NA
Paraquat 62.5 uM (II:13675568)	II:13759392	arrd-13	Arrestin_C domain-containing protein	WBGene00011054	16	8.61173466674956	0.928379	0.169231	15.7558	C	T	R06B9.3	NA	WBGene00011054	II-8H24	ENSG00000197070	ARRDC1	1	Ensembl Compara 87-89	SM01017	IPR011021 "Arrestin-like, N-terminal"|IPR011022 "Arrestin C-terminal-like domain"|IPR014752 "Arrestin, C-terminal"|IPR014756 "Immunoglobulin E-set"	NA
Paraquat 62.5 uM (II:13675568)	II:13759392	arrd-13	Arrestin_C domain-containing protein	WBGene00011054	16	8.61173466674956	0.928379	0.169231	15.7558	C	T	R06B9.3	NA	WBGene00011054	II-8H24	ENSG00000265972	TXNIP	1	Ensembl Compara 87-89	SM01017	IPR011021 "Arrestin-like, N-terminal"|IPR011022 "Arrestin C-terminal-like domain"|IPR014752 "Arrestin, C-terminal"|IPR014756 "Immunoglobulin E-set"	NA
Chlorothalonil (III:4478684)	III:4595504	asb-1	ATP synthase subunit b	WBGene00000206	9	11.5685904063603	0.955224	0.34359	-7.54418	A	C	F35G12.10	NA	WBGene00000206	III-2E22	ENSG00000116459	ATP5F1	3	Ensembl Compara 87-89|InParanoid|OrthoMCL	NA	IPR008688 "ATPase, F0 complex, B chain/subunit B/MI25"|IPR013837 "ATPase, F0 complex, B chain/subunit B"	NA
Aldicarb (X:13252751)	X:13219097	asp-4	Aspartic protease 4	WBGene00000217	17	7.80026600969103	0.782242	0.230769	21.585	A	G	R12H7.2	NA	WBGene00000217	X-6O01	ENSG00000117984	CTSD	6	Ensembl Compara 87-89|Homologene|InParanoid|OMA|OrthoInspector|OrthoMCL	NA	IPR001461 "Aspartic peptidase A1 family"|IPR021109 "Aspartic peptidase domain"|IPR033121 "Peptidase family A1 domain"|IPR033144 "Cathepsin D"	Ceroid lipofuscinosis, neuronal, 10, 610127
Aldicarb (X:13252751)	X:13219097	asp-4	Aspartic protease 4	WBGene00000217	17	7.80026600969103	0.782242	0.230769	21.585	A	G	R12H7.2	NA	WBGene00000217	X-6O01	ENSG00000250644	NA	3	Ensembl Compara 87-89|InParanoid|OrthoInspector	NA	IPR001461 "Aspartic peptidase A1 family"|IPR021109 "Aspartic peptidase domain"|IPR033121 "Peptidase family A1 domain"|IPR033144 "Cathepsin D"	NA
Aldicarb (X:13252751)	X:13219097	asp-4	Aspartic protease 4	WBGene00000217	17	7.80026600969103	0.782242	0.230769	21.585	A	G	R12H7.2	NA	WBGene00000217	X-6O01	ENSG00000131400	NAPSA	2	Ensembl Compara 87-89|OrthoMCL	NA	IPR001461 "Aspartic peptidase A1 family"|IPR021109 "Aspartic peptidase domain"|IPR033121 "Peptidase family A1 domain"|IPR033144 "Cathepsin D"	NA
Aldicarb (X:13252751)	X:13219097	asp-4	Aspartic protease 4	WBGene00000217	17	7.80026600969103	0.782242	0.230769	21.585	A	G	R12H7.2	NA	WBGene00000217	X-6O01	ENSG00000143839	REN	2	Ensembl Compara 87-89|OrthoMCL	NA	IPR001461 "Aspartic peptidase A1 family"|IPR021109 "Aspartic peptidase domain"|IPR033121 "Peptidase family A1 domain"|IPR033144 "Cathepsin D"	Hyperproreninemia|Hyperuricemic nephropathy, familial juvenile 2, 613092|Renal tubular dysgenesis, 267430
Aldicarb (X:13252751)	X:13219097	asp-4	Aspartic protease 4	WBGene00000217	17	7.80026600969103	0.782242	0.230769	21.585	A	G	R12H7.2	NA	WBGene00000217	X-6O01	ENSG00000182240	BACE2	1	Ensembl Compara 87-89	NA	IPR001461 "Aspartic peptidase A1 family"|IPR021109 "Aspartic peptidase domain"|IPR033121 "Peptidase family A1 domain"|IPR033144 "Cathepsin D"	NA
Aldicarb (X:13252751)	X:13219097	asp-4	Aspartic protease 4	WBGene00000217	17	7.80026600969103	0.782242	0.230769	21.585	A	G	R12H7.2	NA	WBGene00000217	X-6O01	ENSG00000186318	BACE1	1	Ensembl Compara 87-89	NA	IPR001461 "Aspartic peptidase A1 family"|IPR021109 "Aspartic peptidase domain"|IPR033121 "Peptidase family A1 domain"|IPR033144 "Cathepsin D"	NA
Aldicarb (X:13252751)	X:13219097	asp-4	Aspartic protease 4	WBGene00000217	17	7.80026600969103	0.782242	0.230769	21.585	A	G	R12H7.2	NA	WBGene00000217	X-6O01	ENSG00000196188	CTSE	1	OrthoMCL	NA	IPR001461 "Aspartic peptidase A1 family"|IPR021109 "Aspartic peptidase domain"|IPR033121 "Peptidase family A1 domain"|IPR033144 "Cathepsin D"	NA
Aldicarb (X:13252751)	X:13219097	asp-4	Aspartic protease 4	WBGene00000217	17	7.80026600969103	0.782242	0.230769	21.585	A	G	R12H7.2	NA	WBGene00000217	X-6O01	ENSG00000131401	NA	1	OrthoMCL	NA	IPR001461 "Aspartic peptidase A1 family"|IPR021109 "Aspartic peptidase domain"|IPR033121 "Peptidase family A1 domain"|IPR033144 "Cathepsin D"	NA
Arsenic (III:1642838)	III:1158907	cdh-12	CaDHerin family	WBGene00022103	5	11.6043370541643	0.82659	0.112821	-18.0921	A	G	Y71D11A.1	NA	WBGene00022103	III-6L20|III-6N02|III-6N04|III-6P08	ENSG00000150275	PCDH15	1	Ensembl Compara 87-89	SM00112	IPR002126 "Cadherin"|IPR015919 "Cadherin-like"	Deafness, autosomal recessive 23, 609533|Usher syndrome, type 1D/F digenic, 601067|Usher syndrome, type 1F, 602083
Nickel (V:1486141)	V:1456345	chil-14	CHItinase-Like	WBGene00019980	12	11.1846294196332	0.969315	0.205128	-25.8367	A	T	R09B5.12	NA	WBGene00019980	V-15B14	ENSG00000177830	CHID1	3	Ensembl Compara 87-89|InParanoid|OrthoInspector	SM00636	IPR013781 "Glycoside hydrolase, catalytic domain"|IPR017853 "Glycoside hydrolase superfamily"	NA
Chlorothalonil (III:4478684)	III:4630701	clec-151	C-type lectin domain-containing protein	WBGene00008659	9	11.5685904063603	0.955224	0.34359	-7.54418	A	G	NA	NA	NA	NA	NA	NA	NA	NA	NA	NA	NA
Chlorothalonil (III:4478684)	III:6623029	copd-1	putative coatomer subunit delta	WBGene00015734	9	8.97514177558146	0.831497	0.364103	-6.52098	T	C	C13B9.3	NA	WBGene00015734	III-3D21	ENSG00000095139	ARCN1	6	Ensembl Compara 87-89|Homologene|InParanoid|OMA|OrthoInspector|OrthoMCL	NA	IPR011012 "Longin-like domain"|IPR022775 "AP complex, mu/sigma subunit"|IPR027059 "Coatomer delta subunit"|IPR028565 "Mu homology domain"	Short stature, rhizomelic, with microcephaly, micrognathia, and developmental delay, 617164
Chlorothalonil (II:5392976)	II:8707976	cup-16	Uncharacterized protein	WBGene00007919	1	13.6607400702576	0.752988	0.230769	-9.24022	G	A	NA	NA	NA	NA	NA	NA	NA	NA	NA	NA	NA
Chlorothalonil (III:4478684)	III:5625493	daf-4	Cell surface receptor daf-4;Receptor protein serine/threonine kinase;Serine/threonine-protein kinase receptor	WBGene00000900	9	10.2567995859738	0.910972	0.34359	-7.08925	T	C	C05D2.1	NA	WBGene00000900	III-2P04	ENSG00000114739	ACVR2B	3	InParanoid|OrthoInspector|OrthoMCL	NA	IPR000333 "Ser/Thr protein kinase, TGFB receptor"|IPR000719 "Protein kinase domain"|IPR001245 "Serine-threonine/tyrosine-protein kinase catalytic domain"|IPR011009 "Protein kinase-like domain"	Heterotaxy, visceral, 4, autosomal, 613751
Chlorothalonil (III:4478684)	III:5625493	daf-4	Cell surface receptor daf-4;Receptor protein serine/threonine kinase;Serine/threonine-protein kinase receptor	WBGene00000900	9	10.2567995859738	0.910972	0.34359	-7.08925	T	C	C05D2.1	NA	WBGene00000900	III-2P04	ENSG00000121989	ACVR2A	2	InParanoid|OrthoMCL	SM00220	IPR000333 "Ser/Thr protein kinase, TGFB receptor"|IPR000719 "Protein kinase domain"|IPR001245 "Serine-threonine/tyrosine-protein kinase catalytic domain"|IPR011009 "Protein kinase-like domain"	NA
Chlorothalonil (III:4478684)	III:5625493	daf-4	Cell surface receptor daf-4;Receptor protein serine/threonine kinase;Serine/threonine-protein kinase receptor	WBGene00000900	9	10.2567995859738	0.910972	0.34359	-7.08925	T	C	C05D2.1	NA	WBGene00000900	III-2P04	ENSG00000135409	AMHR2	1	Ensembl Compara 87-89	NA	IPR000333 "Ser/Thr protein kinase, TGFB receptor"|IPR000719 "Protein kinase domain"|IPR001245 "Serine-threonine/tyrosine-protein kinase catalytic domain"|IPR011009 "Protein kinase-like domain"	Persistent Mullerian duct syndrome, type II, 261550
Chlorothalonil (III:4478684)	III:5625493	daf-4	Cell surface receptor daf-4;Receptor protein serine/threonine kinase;Serine/threonine-protein kinase receptor	WBGene00000900	9	10.2567995859738	0.910972	0.34359	-7.08925	T	C	C05D2.1	NA	WBGene00000900	III-2P04	ENSG00000163513	TGFBR2	1	InParanoid	SM00220	IPR000333 "Ser/Thr protein kinase, TGFB receptor"|IPR000719 "Protein kinase domain"|IPR001245 "Serine-threonine/tyrosine-protein kinase catalytic domain"|IPR011009 "Protein kinase-like domain"	Colorectal cancer, hereditary nonpolyposis, type 6, 614331|Esophageal cancer, somatic, 133239|Loeys-Dietz syndrome 2, 610168
Chlorothalonil (III:4478684)	III:6771232	dig-1	Mesocentin	WBGene00000998	9	10.3755893814641	0.890227	0.348718	-7.10739	A	G	K07E12.1	NA	WBGene00000998	III-3H03	ENSG00000181143	MUC16	1	OMA	SM00200	IPR000742 "EGF-like domain"|IPR001881 "EGF-like calcium-binding domain"|IPR002035 "von Willebrand factor, type A"|IPR003598 "Immunoglobulin subtype 2"|IPR003599 "Immunoglobulin subtype"|IPR003961 "Fibronectin type III"|IPR007110 "Immunoglobulin-like domain"|IPR011041 "Soluble quinoprotein glucose/sorbosone dehydrogenase"|IPR011042 "Six-bladed beta-propeller, TolB-like"|IPR013151 "Immunoglobulin"|IPR013783 "Immunoglobulin-like fold"	NA
Mercury (III:3716201)	III:3708407	dph-1	2-(3-amino-3-carboxypropyl)histidine synthase subunit 1	WBGene00007576	11	5.90954544711396	0.849913	0.107692	-29.6233	A	G	C14B1.5	NA	WBGene00007576	III-1H24	ENSG00000108963	DPH1	6	Ensembl Compara 87-89|Homologene|InParanoid|OMA|OrthoInspector|OrthoMCL	NA	IPR016435 "Diphthamide synthesis DPH1/DPH2"	Developmental delay with short stature, dysmorphic features, and sparse hair, 616901
Arsenic (III:1642838)	III:2042973	dpy-1	DumPY: shorter than wild-type	WBGene00001063	5	13.1538901648591	0.802859	0.148718	-17.1398	A	G	NA	NA	NA	NA	NA	NA	NA	NA	NA	NA	NA
Arsenic (III:1642838)	III:1109134	exc-6	Excretory canal abnormal protein 6	WBGene00019030	5	11.6043370541643	0.82659	0.112821	-18.0921	G	A	F58B6.2	NA	WBGene00019030	III-1K06	ENSG00000137460	FHDC1	3	Ensembl Compara 87-89|OrthoInspector|OrthoMCL	SM00498	IPR015425 "Formin, FH2 domain"	NA
Arsenic (III:1642838)	III:1109134	exc-6	Excretory canal abnormal protein 6	WBGene00019030	5	11.6043370541643	0.82659	0.112821	-18.0921	G	A	F58B6.2	NA	WBGene00019030	III-1K06	ENSG00000203485	INF2	3	Ensembl Compara 87-89|OrthoInspector|OrthoMCL	SM00498|SM01139|SM01140	IPR015425 "Formin, FH2 domain"	Charcot-Marie-Tooth disease, dominant intermediate E, 614455|Glomerulosclerosis, focal segmental, 5, 613237
Arsenic (III:1642838)	III:1109134	exc-6	Excretory canal abnormal protein 6	WBGene00019030	5	11.6043370541643	0.82659	0.112821	-18.0921	G	A	F58B6.2	NA	WBGene00019030	III-1K06	ENSG00000215045	GRID2IP	1	Ensembl Compara 87-89	SM00228|SM00498	IPR015425 "Formin, FH2 domain"	NA
Chlorothalonil (III:4478684)	III:7198003	exos-9	Exosome complex component RRP45	WBGene00018154	9	10.3755893814641	0.890227	0.348718	-7.10739	A	C	F37C12.13	NA	WBGene00018154	III-3H04	ENSG00000123737	EXOSC9	5	Ensembl Compara 87-89|Homologene|InParanoid|OrthoInspector|OrthoMCL	NA	IPR001247 "Exoribonuclease, phosphorolytic domain 1"|IPR015847 "Exoribonuclease, phosphorolytic domain 2"|IPR020568 "Ribosomal protein S5 domain 2-type fold"|IPR033100 "Exosome complex component RRP45"	NA
Chlorothalonil (III:4478684)	III:7198003	exos-9	Exosome complex component RRP45	WBGene00018154	9	10.3755893814641	0.890227	0.348718	-7.10739	A	C	F37C12.13	NA	WBGene00018154	III-3H04	ENSG00000120699	EXOSC8	1	OrthoMCL	NA	IPR001247 "Exoribonuclease, phosphorolytic domain 1"|IPR015847 "Exoribonuclease, phosphorolytic domain 2"|IPR020568 "Ribosomal protein S5 domain 2-type fold"|IPR033100 "Exosome complex component RRP45"	Pontocerebellar hypoplasia, type 1C, 616081
Nickel (V:1486141)	V:1463801	fpn-1.2	Solute carrier family 40 protein	WBGene00019977	12	13.3534131002896	1	0.210256	-28.3263	A	G	R09B5.4	NA	WBGene00019977	V-1N07	ENSG00000138449	SLC40A1	2	Ensembl Compara 87-89|OrthoInspector	NA	IPR009716 "Ferroporti-1"|IPR020846 "Major facilitator superfamily domain"	Hemochromatosis, type 4, 606069
Mercury (III:2461452)	III:2361029	gip-1	Gamma-tubulin complex component	WBGene00001589	2	9.41331371650101	0.912281	0.123077	-35.075	T	G	NA	NA	NA	NA	NA	NA	NA	NA	NA	NA	NA
Chlorothalonil (III:4478684)	III:4410096	gpch-1	G patch domain-containing protein 1 homolog	WBGene00011109	9	11.9877953150867	1	0.333333	-7.73883	T	A	NA	NA	NA	NA	NA	NA	NA	NA	NA	NA	NA
Propoxur (V:5315004)	V:5531951	grl-1	Ground-like domain-containing protein	WBGene00001710	8	7.28157492847976	0.832038	0.138462	6.11585	A	G	NA	NA	NA	NA	NA	NA	NA	NA	NA	NA	NA
Propoxur (V:5315004)	V:5524797	hir-1	Receptor protein-tyrosine kinase	WBGene00016059	8	7.28157492847976	0.832038	0.138462	6.11585	G	T	NA	NA	NA	NA	NA	NA	NA	NA	NA	NA	NA
Chlorothalonil (II:5392976)	II:5539434	hlh-27	BHLH domain-containing protein	WBGene00001966	1	12.5528142318857	0.834623	0.235897	-8.79083	C	T	NA	NA	NA	NA	NA	NA	NA	NA	NA	NA	NA
Mercury (III:2461452)	III:2448108	klo-2	KLOtho (mammalian aging-associated protein) homolog	WBGene00017103	2	9.41331371650101	0.912281	0.123077	-35.075	C	T	E02H9.5	NA	WBGene00017103	NA	ENSG00000188501	LCTL	4	Ensembl Compara 87-89|InParanoid|OrthoInspector|OrthoMCL	NA	IPR001360 "Glycoside hydrolase family 1"|IPR013781 "Glycoside hydrolase, catalytic domain"|IPR017853 "Glycoside hydrolase superfamily"	NA
Mercury (III:2461452)	III:2448108	klo-2	KLOtho (mammalian aging-associated protein) homolog	WBGene00017103	2	9.41331371650101	0.912281	0.123077	-35.075	C	T	E02H9.5	NA	WBGene00017103	NA	ENSG00000115850	LCT	3	Ensembl Compara 87-89|OrthoInspector|OrthoMCL	NA	IPR001360 "Glycoside hydrolase family 1"|IPR013781 "Glycoside hydrolase, catalytic domain"|IPR017853 "Glycoside hydrolase superfamily"	Lactase deficiency, congenital, 223000
Mercury (III:2461452)	III:2448108	klo-2	KLOtho (mammalian aging-associated protein) homolog	WBGene00017103	2	9.41331371650101	0.912281	0.123077	-35.075	C	T	E02H9.5	NA	WBGene00017103	NA	ENSG00000133116	KL	3	Ensembl Compara 87-89|OrthoInspector|OrthoMCL	NA	IPR001360 "Glycoside hydrolase family 1"|IPR013781 "Glycoside hydrolase, catalytic domain"|IPR017853 "Glycoside hydrolase superfamily"	Coronary artery disease, susceptibility to|Tumoral calcinosis, hyperphosphatemic, 211900
Mercury (III:2461452)	III:2448108	klo-2	KLOtho (mammalian aging-associated protein) homolog	WBGene00017103	2	9.41331371650101	0.912281	0.123077	-35.075	C	T	E02H9.5	NA	WBGene00017103	NA	ENSG00000134962	KLB	3	Ensembl Compara 87-89|OrthoInspector|OrthoMCL	NA	IPR001360 "Glycoside hydrolase family 1"|IPR013781 "Glycoside hydrolase, catalytic domain"|IPR017853 "Glycoside hydrolase superfamily"	NA
Mercury (III:2461452)	III:2448108	klo-2	KLOtho (mammalian aging-associated protein) homolog	WBGene00017103	2	9.41331371650101	0.912281	0.123077	-35.075	C	T	E02H9.5	NA	WBGene00017103	NA	ENSG00000249948	GBA3	1	Ensembl Compara 87-89	NA	IPR001360 "Glycoside hydrolase family 1"|IPR013781 "Glycoside hydrolase, catalytic domain"|IPR017853 "Glycoside hydrolase superfamily"	NA
Chlorothalonil (III:4478684)	III:5832158	mdt-15	Mediator of RNA polymerase II transcription subunit 15	WBGene00007016	9	10.3755893814641	0.890227	0.348718	-7.10739	C	A	R12B2.5	NA	WBGene00007016	III-3E17	ENSG00000099917	MED15	1	InParanoid	NA	IPR019087 "Mediator of RNA polymerase II transcription subunit 15"	NA
Chlorothalonil (III:4478684)	III:3393683	mlc-4	Myosin regulatory light chain	WBGene00003372	9	8.69894291173984	0.781655	0.302564	-6.71463	T	C	C56G7.1	NA	WBGene00003372	NA	ENSG00000118680	MYL12B	6	Ensembl Compara 87-89|Homologene|InParanoid|OMA|OrthoInspector|OrthoMCL	SM00054	IPR002048 "EF-hand domain"|IPR011992 "EF-hand domain pair"	NA
Chlorothalonil (III:4478684)	III:3393683	mlc-4	Myosin regulatory light chain	WBGene00003372	9	8.69894291173984	0.781655	0.302564	-6.71463	T	C	C56G7.1	NA	WBGene00003372	NA	ENSG00000101335	MYL9	5	Ensembl Compara 87-89|InParanoid|OMA|OrthoInspector|OrthoMCL	SM00054	IPR002048 "EF-hand domain"|IPR011992 "EF-hand domain pair"	NA
Chlorothalonil (III:4478684)	III:3393683	mlc-4	Myosin regulatory light chain	WBGene00003372	9	8.69894291173984	0.781655	0.302564	-6.71463	T	C	C56G7.1	NA	WBGene00003372	NA	ENSG00000101608	MYL12A	5	Ensembl Compara 87-89|InParanoid|OMA|OrthoInspector|OrthoMCL	SM00054	IPR002048 "EF-hand domain"|IPR011992 "EF-hand domain pair"	NA
Chlorothalonil (II:13921653)	II:13927432	mltn-5	MLt-TeN (mlt-10) related	WBGene00044074	3	13.2376339469487	0.916039	0.230769	-9.09692	A	T	NA	NA	NA	NA	NA	NA	NA	NA	NA	NA	NA
Propoxur (V:5315004)	V:5519876	mms-19	MMS19 nucleotide excision repair protein	WBGene00016060	8	7.28157492847976	0.832038	0.138462	6.11585	A	G	C24G6.3	NA	WBGene00016060	V-4C16	ENSG00000155229	MMS19	3	Ensembl Compara 87-89|InParanoid|OrthoInspector	NA	IPR016024 "Armadillo-type fold"	NA
Chlorothalonil (III:4478684)	III:5309166	mog-3	Masculinization Of Germline	WBGene00003391	9	8.90733628342662	0.831497	0.364103	-6.49457	A	G	F52C9.7	NA	WBGene00003391	III-2F10	ENSG00000273559	CWC25	1	InParanoid	SM01083	IPR022209 "Pre-mRNA splicing factor"	NA
Chlorothalonil (III:4478684)	III:5309166	mog-3	Masculinization Of Germline	WBGene00003391	9	8.90733628342662	0.831497	0.364103	-6.49457	A	G	F52C9.7	NA	WBGene00003391	III-2F10	ENSG00000276761	CWC25	1	InParanoid	SM01083	IPR022209 "Pre-mRNA splicing factor"	NA
Chlorothalonil (III:4478684)	III:6465956	nduf-2.2	Complex I-49kD	WBGene00006463	9	10.3755893814641	0.890227	0.348718	-7.10739	T	C	T26A5.3	NA	WBGene00006463	III-3M24	ENSG00000158864	NDUFS2	6	Ensembl Compara 87-89|Homologene|InParanoid|OMA|OrthoInspector|OrthoMCL	NA	IPR001135 "NADH-quinone oxidoreductase, subunit D"|IPR022885 "NAD(P)H-quinone oxidoreductase subunit D/H"|IPR029014 "NiFe hydrogenase-like"	Mitochondrial complex I deficiency, 252010
Mercury (III:2461452)	III:2453620	nhr-121	Nuclear hormone receptor family member nhr-121	WBGene00003711	2	9.41331371650101	0.912281	0.123077	-35.075	T	G	NA	NA	NA	NA	NA	NA	NA	NA	NA	NA	NA
Chlorothalonil (III:4478684)	III:3402234	npp-9	Nuclear Pore complex Protein	WBGene00003795	9	8.69894291173984	0.781655	0.302564	-6.71463	A	G	F59A2.1	NA	WBGene00003795	III-1B06	ENSG00000015568	RGPD5	2	Ensembl Compara 87-89|OrthoInspector	SM00028|SM00160|SM00755	IPR000156 "Ran binding domain"|IPR001876 "Zinc finger, RanBP2-type"|IPR011993 "PH domain-like"	NA
Chlorothalonil (III:4478684)	III:3402234	npp-9	Nuclear Pore complex Protein	WBGene00003795	9	8.69894291173984	0.781655	0.302564	-6.71463	A	G	F59A2.1	NA	WBGene00003795	III-1B06	ENSG00000099901	RANBP1	2	Ensembl Compara 87-89|OrthoMCL	SM00160	IPR000156 "Ran binding domain"|IPR001876 "Zinc finger, RanBP2-type"|IPR011993 "PH domain-like"	NA
Chlorothalonil (III:4478684)	III:3402234	npp-9	Nuclear Pore complex Protein	WBGene00003795	9	8.69894291173984	0.781655	0.302564	-6.71463	A	G	F59A2.1	NA	WBGene00003795	III-1B06	ENSG00000153165	RGPD3	2	Ensembl Compara 87-89|OrthoInspector	SM00028|SM00160|SM00755	IPR000156 "Ran binding domain"|IPR001876 "Zinc finger, RanBP2-type"|IPR011993 "PH domain-like"	NA
Chlorothalonil (III:4478684)	III:3402234	npp-9	Nuclear Pore complex Protein	WBGene00003795	9	8.69894291173984	0.781655	0.302564	-6.71463	A	G	F59A2.1	NA	WBGene00003795	III-1B06	ENSG00000153201	RANBP2	2	Ensembl Compara 87-89|OrthoInspector	SM00028|SM00160|SM00547	IPR000156 "Ran binding domain"|IPR001876 "Zinc finger, RanBP2-type"|IPR011993 "PH domain-like"	Encephalopathy, acute, infection-induced, 3, susceptibility to, 608033
Chlorothalonil (III:4478684)	III:3402234	npp-9	Nuclear Pore complex Protein	WBGene00003795	9	8.69894291173984	0.781655	0.302564	-6.71463	A	G	F59A2.1	NA	WBGene00003795	III-1B06	ENSG00000169629	RGPD8	2	Ensembl Compara 87-89|OrthoInspector	SM00028|SM00160|SM00755	IPR000156 "Ran binding domain"|IPR001876 "Zinc finger, RanBP2-type"|IPR011993 "PH domain-like"	NA
Chlorothalonil (III:4478684)	III:3402234	npp-9	Nuclear Pore complex Protein	WBGene00003795	9	8.69894291173984	0.781655	0.302564	-6.71463	A	G	F59A2.1	NA	WBGene00003795	III-1B06	ENSG00000183054	RGPD6	2	Ensembl Compara 87-89|OrthoInspector	SM00028|SM00160|SM00755	IPR000156 "Ran binding domain"|IPR001876 "Zinc finger, RanBP2-type"|IPR011993 "PH domain-like"	NA
Chlorothalonil (III:4478684)	III:3402234	npp-9	Nuclear Pore complex Protein	WBGene00003795	9	8.69894291173984	0.781655	0.302564	-6.71463	A	G	F59A2.1	NA	WBGene00003795	III-1B06	ENSG00000185304	RGPD2	2	Ensembl Compara 87-89|OrthoInspector	SM00028|SM00160|SM00755	IPR000156 "Ran binding domain"|IPR001876 "Zinc finger, RanBP2-type"|IPR011993 "PH domain-like"	NA
Chlorothalonil (III:4478684)	III:3402234	npp-9	Nuclear Pore complex Protein	WBGene00003795	9	8.69894291173984	0.781655	0.302564	-6.71463	A	G	F59A2.1	NA	WBGene00003795	III-1B06	ENSG00000187627	RGPD1	2	Ensembl Compara 87-89|OrthoInspector	SM00028|SM00160|SM00755	IPR000156 "Ran binding domain"|IPR001876 "Zinc finger, RanBP2-type"|IPR011993 "PH domain-like"	NA
Chlorothalonil (III:4478684)	III:3402234	npp-9	Nuclear Pore complex Protein	WBGene00003795	9	8.69894291173984	0.781655	0.302564	-6.71463	A	G	F59A2.1	NA	WBGene00003795	III-1B06	ENSG00000196862	RGPD4	2	Ensembl Compara 87-89|OrthoInspector	SM00028|SM00160|SM00755	IPR000156 "Ran binding domain"|IPR001876 "Zinc finger, RanBP2-type"|IPR011993 "PH domain-like"	NA
Nickel (V:1486141)	V:1541568	oac-31	NRF domain-containing protein	WBGene00018707	12	11.639488053358	0.941105	0.220513	-25.6501	T	G	NA	NA	NA	NA	NA	NA	NA	NA	NA	NA	NA
Chlorothalonil (III:4478684)	III:7148911	ogt-1	Protein O-GlcNAc transferase;UDP-N-acetylglucosamine--peptide N-acetylglucosaminyltransferase	WBGene00003858	9	10.3755893814641	0.890227	0.348718	-7.10739	C	T	K04G7.3	NA	WBGene00003858	III-3D24	ENSG00000147162	OGT	6	Ensembl Compara 87-89|Homologene|InParanoid|OMA|OrthoInspector|OrthoMCL	SM00028	IPR001440 "Tetratricopeptide repeat 1"|IPR011990 "Tetratricopeptide-like helical domain"|IPR019734 "Tetratricopeptide repeat"|IPR029489 "O-GlcNAc transferase, C-terminal"	Mental retardation, X-linked 106, 300997
Chlorothalonil (III:4478684)	III:6966379	panl-2	PAN (PolyA-specific riboNucLease) subunit	WBGene00017951	9	10.8699038398178	0.850514	0.358974	-7.23409	T	A	F31E3.4	NA	WBGene00017951	III-3N13	ENSG00000135473	PAN2	5	Ensembl Compara 87-89|InParanoid|OMA|OrthoInspector|OrthoMCL	SM00479	IPR012337 "Ribonuclease H-like domain"|IPR013520 "Exonuclease, RNase T/DNA polymerase III"|IPR015943 "WD40/YVTN repeat-like-containing domain"|IPR017986 "WD40-repeat-containing domain"|IPR028881 "PAN2 domain"	NA
Carbaryl (I:2596756)	I:2590695	ptr-12	SSD domain-containing protein	WBGene00004226	21	11.2593303062002	0.920876	0.45641	-11.8152	T	C	K07A3.2	NA	WBGene00004226	I-1G04	ENSG00000165186	PTCHD1	1	Ensembl Compara 87-89	NA	IPR003392 "Protein patched/dispatched"	Autism, susceptibility to, X-linked 4, 300830
Carbaryl (I:2596756)	I:2590695	ptr-12	SSD domain-containing protein	WBGene00004226	21	11.2593303062002	0.920876	0.45641	-11.8152	T	C	K07A3.2	NA	WBGene00004226	I-1G04	ENSG00000182077	PTCHD3	1	Ensembl Compara 87-89	NA	IPR003392 "Protein patched/dispatched"	NA
Carbaryl (I:2596756)	I:2590695	ptr-12	SSD domain-containing protein	WBGene00004226	21	11.2593303062002	0.920876	0.45641	-11.8152	T	C	K07A3.2	NA	WBGene00004226	I-1G04	ENSG00000244694	PTCHD4	1	Ensembl Compara 87-89	NA	IPR003392 "Protein patched/dispatched"	NA
Carboxin (III:2527992)	III:2528148	rbc-2	RaBConnectin related	WBGene00004314	4	8.18088168199666	0.781145	0.492308	12.0098	A	G	Y54F10AM.10	NA	WBGene00004314	III-8I10	ENSG00000091157	WDR7	6	Ensembl Compara 87-89|Homologene|InParanoid|OMA|OrthoInspector|OrthoMCL	SM00320	IPR001680 "WD40 repeat"|IPR011047 "Quinoprotein alcohol dehydrogenase-like superfamily"|IPR015943 "WD40/YVTN repeat-like-containing domain"|IPR017986 "WD40-repeat-containing domain"	NA
Carboxin (III:2527992)	III:2528148	rbc-2	RaBConnectin related	WBGene00004314	4	8.18088168199666	0.781145	0.492308	12.0098	A	G	Y54F10AM.10	NA	WBGene00004314	III-8I10	ENSG00000166415	WDR72	2	Ensembl Compara 87-89|OrthoInspector	SM00320	IPR001680 "WD40 repeat"|IPR011047 "Quinoprotein alcohol dehydrogenase-like superfamily"|IPR015943 "WD40/YVTN repeat-like-containing domain"|IPR017986 "WD40-repeat-containing domain"	Amelogenesis imperfecta, type IIA3, 613211
Chlorothalonil (III:4478684)	III:4929670	set-2	Histone-lysine N-methyltransferase set-2	WBGene00004782	9	10.8946311493124	0.932347	0.338462	-7.34136	A	T	C26E6.9	NA	WBGene00004782	III-2H09|III-2H13	ENSG00000099381	SETD1A	4	Ensembl Compara 87-89|InParanoid|OrthoInspector|OrthoMCL	SM00317|SM00360|SM00508|SM01291	IPR000504 "RNA recognition motif domain"|IPR001214 "SET domain"|IPR003616 "Post-SET domain"|IPR012677 "Nucleotide-binding alpha-beta plait domain"|IPR024657 "COMPASS complex Set1 subunit, N-SET domain"	NA
Chlorothalonil (III:4478684)	III:4929670	set-2	Histone-lysine N-methyltransferase set-2	WBGene00004782	9	10.8946311493124	0.932347	0.338462	-7.34136	A	T	C26E6.9	NA	WBGene00004782	III-2H09|III-2H13	ENSG00000139718	SETD1B	4	Ensembl Compara 87-89|InParanoid|OrthoInspector|OrthoMCL	SM00317|SM00360|SM00508|SM01291	IPR000504 "RNA recognition motif domain"|IPR001214 "SET domain"|IPR003616 "Post-SET domain"|IPR012677 "Nucleotide-binding alpha-beta plait domain"|IPR024657 "COMPASS complex Set1 subunit, N-SET domain"	NA
Mercury (III:2461452)	III:2476602	smg-6	PINc domain-containing protein	WBGene00004884	2	9.41331371650101	0.912281	0.123077	-35.075	A	G	Y54F10AL.2	NA	WBGene00004884	III-8A09	ENSG00000070366	SMG6	4	Ensembl Compara 87-89|InParanoid|OrthoInspector|OrthoMCL	SM00670	IPR002716 "PIN domain"|IPR011990 "Tetratricopeptide-like helical domain"|IPR018834 "DNA/RNA-binding domain, Est1-type"|IPR019458 "Telomerase activating protein Est1"|IPR029060 "PIN domain-like"	NA
Mercury (III:2461452)	III:2476602	smg-6	PINc domain-containing protein	WBGene00004884	2	9.41331371650101	0.912281	0.123077	-35.075	A	G	Y54F10AL.2	NA	WBGene00004884	III-8A09	ENSG00000116698	SMG7	1	Ensembl Compara 87-89	NA	IPR002716 "PIN domain"|IPR011990 "Tetratricopeptide-like helical domain"|IPR018834 "DNA/RNA-binding domain, Est1-type"|IPR019458 "Telomerase activating protein Est1"|IPR029060 "PIN domain-like"	NA
Mercury (III:2461452)	III:2476602	smg-6	PINc domain-containing protein	WBGene00004884	2	9.41331371650101	0.912281	0.123077	-35.075	A	G	Y54F10AL.2	NA	WBGene00004884	III-8A09	ENSG00000198952	SMG5	1	Ensembl Compara 87-89	SM00670	IPR002716 "PIN domain"|IPR011990 "Tetratricopeptide-like helical domain"|IPR018834 "DNA/RNA-binding domain, Est1-type"|IPR019458 "Telomerase activating protein Est1"|IPR029060 "PIN domain-like"	NA
Arsenic (III:1642838)	III:1879362	smi-1	Gem-associated protein 2;SMN (survival of motor neuron) protein Interactor	WBGene00004886	5	10.8683017341512	0.873703	0.138462	-16.025	G	A	Y39A3CR.1	NA	WBGene00004886	III-7I01	ENSG00000092208	GEMIN2	5	Ensembl Compara 87-89|InParanoid|OMA|OrthoInspector|OrthoMCL	NA	IPR017364 "Gem-associated protein 2"	NA
Chlorothalonil (III:4478684)	III:5333344	sorf-2	Suppressor of organelle fusion 2	WBGene00018672	9	10.8946311493124	0.932347	0.338462	-7.34136	T	G	F52C9.1	NA	WBGene00018672	III-2D24|III-2F02	ENSG00000167716	WDR81	4	Ensembl Compara 87-89|InParanoid|OrthoInspector|OrthoMCL	SM00320|SM01026	IPR000409 "BEACH domain"|IPR001680 "WD40 repeat"|IPR015943 "WD40/YVTN repeat-like-containing domain"|IPR017986 "WD40-repeat-containing domain"	Cerebellar ataxia, mental retardation, and dysequilibrium syndrome 2, 610185
Chlorothalonil (III:4478684)	III:5333344	sorf-2	Suppressor of organelle fusion 2	WBGene00018672	9	10.8946311493124	0.932347	0.338462	-7.34136	T	G	F52C9.1	NA	WBGene00018672	III-2D24|III-2F02	ENSG00000276021	WDR81	2	InParanoid|OrthoInspector	SM00320|SM01026	IPR000409 "BEACH domain"|IPR001680 "WD40 repeat"|IPR015943 "WD40/YVTN repeat-like-containing domain"|IPR017986 "WD40-repeat-containing domain"	NA
Arsenic (II:13692527)	II:13949709	sre-44	Serpentine Receptor, class E (epsilon)	WBGene00012329	7	9.94804150214606	0.909302	0.117949	-16.3852	C	G	NA	NA	NA	NA	NA	NA	NA	NA	NA	NA	NA
Chlorothalonil (III:4478684)	III:6262052	srg-4	Serpentine receptor class gamma-4	WBGene00005162	9	8.97514177558146	0.831497	0.364103	-6.52098	T	C	NA	NA	NA	NA	NA	NA	NA	NA	NA	NA	NA
Nickel (V:1486141)	V:1521633	str-240	Seven TM Receptor	WBGene00006268	12	12.6832249658894	0.763271	0.179487	-28.4897	A	C	NA	NA	NA	NA	NA	NA	NA	NA	NA	NA	NA
Chlorothalonil (III:4478684)	III:4802173	tag-325	Rho-GAP domain-containing protein;WW domain-containing protein tag-325	WBGene00008006	9	10.8946311493124	0.932347	0.338462	-7.34136	A	G	C38D4.5	NA	WBGene00008006	III-2O02	ENSG00000159314	ARHGAP27	4	Ensembl Compara 87-89|InParanoid|OrthoInspector|OrthoMCL	SM00233|SM00324|SM00456	IPR000198 "Rho GTPase-activating protein domain"|IPR001202 "WW domain"|IPR001849 "Pleckstrin homology domain"|IPR008936 "Rho GTPase activation protein"|IPR011993 "PH domain-like"|IPR015767 "Rho GTPase activating protein"	NA
Chlorothalonil (III:4478684)	III:4802173	tag-325	Rho-GAP domain-containing protein;WW domain-containing protein tag-325	WBGene00008006	9	10.8946311493124	0.932347	0.338462	-7.34136	A	G	C38D4.5	NA	WBGene00008006	III-2O02	ENSG00000075884	ARHGAP15	3	Ensembl Compara 87-89|Homologene|OrthoInspector	SM00233|SM00324	IPR000198 "Rho GTPase-activating protein domain"|IPR001202 "WW domain"|IPR001849 "Pleckstrin homology domain"|IPR008936 "Rho GTPase activation protein"|IPR011993 "PH domain-like"|IPR015767 "Rho GTPase activating protein"	NA
Chlorothalonil (III:4478684)	III:4802173	tag-325	Rho-GAP domain-containing protein;WW domain-containing protein tag-325	WBGene00008006	9	10.8946311493124	0.932347	0.338462	-7.34136	A	G	C38D4.5	NA	WBGene00008006	III-2O02	ENSG00000123329	ARHGAP9	3	Ensembl Compara 87-89|InParanoid|OrthoInspector	SM00233|SM00324	IPR000198 "Rho GTPase-activating protein domain"|IPR001202 "WW domain"|IPR001849 "Pleckstrin homology domain"|IPR008936 "Rho GTPase activation protein"|IPR011993 "PH domain-like"|IPR015767 "Rho GTPase activating protein"	NA
Chlorothalonil (III:4478684)	III:4802173	tag-325	Rho-GAP domain-containing protein;WW domain-containing protein tag-325	WBGene00008006	9	10.8946311493124	0.932347	0.338462	-7.34136	A	G	C38D4.5	NA	WBGene00008006	III-2O02	ENSG00000165322	ARHGAP12	3	Ensembl Compara 87-89|InParanoid|OrthoInspector	SM00233|SM00324|SM00326|SM00456	IPR000198 "Rho GTPase-activating protein domain"|IPR001202 "WW domain"|IPR001849 "Pleckstrin homology domain"|IPR008936 "Rho GTPase activation protein"|IPR011993 "PH domain-like"|IPR015767 "Rho GTPase activating protein"	NA
Chlorothalonil (III:4478684)	III:4802173	tag-325	Rho-GAP domain-containing protein;WW domain-containing protein tag-325	WBGene00008006	9	10.8946311493124	0.932347	0.338462	-7.34136	A	G	C38D4.5	NA	WBGene00008006	III-2O02	ENSG00000276836	ARHGAP27	2	InParanoid|OrthoInspector	SM00233|SM00324|SM00456	IPR000198 "Rho GTPase-activating protein domain"|IPR001202 "WW domain"|IPR001849 "Pleckstrin homology domain"|IPR008936 "Rho GTPase activation protein"|IPR011993 "PH domain-like"|IPR015767 "Rho GTPase activating protein"	NA
Chlorothalonil (III:4478684)	III:4802173	tag-325	Rho-GAP domain-containing protein;WW domain-containing protein tag-325	WBGene00008006	9	10.8946311493124	0.932347	0.338462	-7.34136	A	G	C38D4.5	NA	WBGene00008006	III-2O02	ENSG00000276907	ARHGAP27	2	InParanoid|OrthoInspector	SM00233|SM00324|SM00456	IPR000198 "Rho GTPase-activating protein domain"|IPR001202 "WW domain"|IPR001849 "Pleckstrin homology domain"|IPR008936 "Rho GTPase activation protein"|IPR011993 "PH domain-like"|IPR015767 "Rho GTPase activating protein"	NA
Chlorothalonil (III:4478684)	III:5346432	thoc-5	THO Complex (transcription factor/nuclear export) subunit	WBGene00021311	9	8.95700909002377	0.813008	0.369231	-6.495	A	T	NA	NA	NA	NA	NA	NA	NA	NA	NA	NA	NA
Chlorothalonil (III:4478684)	III:7070739	tmem-17	uncharacterized protein	WBGene00022733	9	10.3755893814641	0.890227	0.348718	-7.10739	G	A	ZK418.3	NA	WBGene00022733	III-3B06	ENSG00000186889	TMEM17	2	InParanoid|OrthoMCL	NA	IPR019184 "Uncharacterised protein family, transmembrane-17"	NA
Mercury (III:3716201)	III:3705516	wdr-5.1	WD repeat-containing protein wdr-5.1	WBGene00006474	11	5.90954544711396	0.849913	0.107692	-29.6233	A	G	C14B1.4	NA	WBGene00006474	III-1H22	ENSG00000196363	WDR5	6	Ensembl Compara 87-89|Homologene|InParanoid|OMA|OrthoInspector|OrthoMCL	SM00320	IPR001680 "WD40 repeat"|IPR015943 "WD40/YVTN repeat-like-containing domain"|IPR017986 "WD40-repeat-containing domain"|IPR020472 "G-protein beta WD-40 repeat"	NA
Mercury (III:3716201)	III:3705516	wdr-5.1	WD repeat-containing protein wdr-5.1	WBGene00006474	11	5.90954544711396	0.849913	0.107692	-29.6233	A	G	C14B1.4	NA	WBGene00006474	III-1H22	ENSG00000196981	WDR5B	4	Ensembl Compara 87-89|InParanoid|OrthoInspector|OrthoMCL	SM00320	IPR001680 "WD40 repeat"|IPR015943 "WD40/YVTN repeat-like-containing domain"|IPR017986 "WD40-repeat-containing domain"|IPR020472 "G-protein beta WD-40 repeat"	NA
Chlorothalonil (III:4478684)	III:5018997	wip-1	WH2 domain-containing protein	WBGene00020094	9	9.38776155523722	0.850514	0.358974	-6.69938	G	C	R144.4	NA	WBGene00020094	III-2J13|III-2J21	ENSG00000115935	WIPF1	2	InParanoid|OrthoMCL	SM00246	IPR003124 "WH2 domain"|IPR028293 "Verprolin"	Wiskott-Aldrich syndrome 2, 614493
Chlorothalonil (III:4478684)	III:5018997	wip-1	WH2 domain-containing protein	WBGene00020094	9	9.38776155523722	0.850514	0.358974	-6.69938	G	C	R144.4	NA	WBGene00020094	III-2J13|III-2J21	ENSG00000171475	WIPF2	2	InParanoid|OMA	SM00246	IPR003124 "WH2 domain"|IPR028293 "Verprolin"	NA
Chlorothalonil (III:4478684)	III:5018997	wip-1	WH2 domain-containing protein	WBGene00020094	9	9.38776155523722	0.850514	0.358974	-6.69938	G	C	R144.4	NA	WBGene00020094	III-2J13|III-2J21	ENSG00000122574	WIPF3	1	InParanoid	SM00246	IPR003124 "WH2 domain"|IPR028293 "Verprolin"	NA
