Interval,Marker,Gene,Details,WBGeneID,Interval Rank,Log10p,R2,MAF,Beta Coefficient,Effect Allele,Other Allele
Chlorothalonil (II:5392976),II:5396567,EEED8.10,Putative RNA-binding protein EEED8.10,WBGene00017138,1,18.2888019661438,1,0.215385,-10.8962,T,A
Chlorothalonil (II:5392976),II:5423524,F07F6.7,Uncharacterized protein,WBGene00017219,1,18.2888019661438,1,0.215385,-10.8962,T,C
Chlorothalonil (II:5392976),II:8707976,cup-16,Uncharacterized protein,WBGene00007919,1,13.6607400702576,0.752988,0.230769,-9.24022,G,A
Cadmium (X:5955567),X:5893384,F49E10.2,Uncharacterized protein,WBGene00018640,22,13.3813672941696,0.751184,0.353846,18.4872,C,T
Nickel (V:1486141),V:1463801,fpn-1.2,Solute carrier family 40 protein,WBGene00019977,12,13.3534131002896,1,0.210256,-28.3263,A,G
Chlorothalonil (II:13921653),II:13927432,mltn-5,MLt-TeN (mlt-10) related,WBGene00044074,3,13.2376339469487,0.916039,0.230769,-9.09692,A,T
Arsenic (III:1642838),III:2042973,dpy-1,DumPY: shorter than wild-type,WBGene00001063,5,13.1538901648591,0.802859,0.148718,-17.1398,A,G
Arsenic (III:1642838),III:2116667,Y48G9A.11,Uncharacterized protein,WBGene00021704,5,13.1538901648591,0.802859,0.148718,-17.1398,A,T
Aldicarb (III:8311919),III:8311919,F10E9.3,Uncharacterized protein,WBGene00017355,,13.0649486075375,1,0.0512821,-54.6711,T,C
Cadmium (X:5955567),X:5951366,R07E4.5,Uncharacterized protein,WBGene00019938,22,13.0574374313255,0.757664,0.364103,18.2657,G,T
TPhP 6.25 uM (V:7623783),V:7618890,C50E3.15,Uncharacterized protein,WBGene00044550,,12.7076016173911,1,0.0871795,-18.2134,A,G
Nickel (V:1486141),V:1521633,str-240,Seven TM Receptor,WBGene00006268,12,12.6832249658894,0.763271,0.179487,-28.4897,A,C
Chlorothalonil (II:5392976),II:5539434,hlh-27,BHLH domain-containing protein,WBGene00001966,1,12.5528142318857,0.834623,0.235897,-8.79083,C,T
Chlorothalonil (III:4478684),III:4544094,M88.3,Uncharacterized protein,WBGene00010906,9,12.2693149404654,0.977273,0.338462,-7.80113,A,C
Chlorothalonil (II:5392976),II:5529171,ZK177.1,Uncharacterized protein,WBGene00022669,1,12.0471493726648,0.81103,0.241026,-8.54689,A,G
Chlorothalonil (III:4478684),III:4410096,gpch-1,G patch domain-containing protein 1 homolog,WBGene00011109,9,11.9877953150867,1,0.333333,-7.73883,T,A
Chlorothalonil (II:5392976),II:8046836,T05H10.1,USP domain-containing protein,WBGene00011507,1,11.9312600304386,0.78842,0.246154,-8.44475,C,T
Nickel (V:1486141),V:1541568,oac-31,NRF domain-containing protein,WBGene00018707,12,11.639488053358,0.941105,0.220513,-25.6501,T,G
Arsenic (III:1642838),III:1114888,F58B6.1,Lipase_3 domain-containing protein,WBGene00019029,5,11.6043370541643,0.82659,0.112821,-18.0921,T,C
Arsenic (III:1642838),III:1109134,exc-6,Excretory canal abnormal protein 6,WBGene00019030,5,11.6043370541643,0.82659,0.112821,-18.0921,G,A
Arsenic (III:1642838),III:1158907,cdh-12,CaDHerin family,WBGene00022103,5,11.6043370541643,0.82659,0.112821,-18.0921,A,G
Arsenic (III:1642838),III:1189395,Y119D3B.14,Tr-type G domain-containing protein,WBGene00022491,5,11.6043370541643,0.82659,0.112821,-18.0921,T,C
Nickel (II:12203935),II:12243255,Y57A10A.24,Uncharacterized protein,WBGene00013264,,11.579398656376,0.878957,0.0923077,-35.5729,C,T
Chlorothalonil (III:4478684),III:4595504,asb-1,ATP synthase subunit b,WBGene00000206,9,11.5685904063603,0.955224,0.34359,-7.54418,A,C
Chlorothalonil (III:4478684),III:4630701,clec-151,C-type lectin domain-containing protein,WBGene00008659,9,11.5685904063603,0.955224,0.34359,-7.54418,A,G
Chlorothalonil (III:4478684),III:4585378,F35G12.5,Uncharacterized protein,WBGene00009442,9,11.5685904063603,0.955224,0.34359,-7.54418,T,C
Mercury (III:2461452),III:2468253,E02H9.9,Uncharacterized protein,WBGene00017106,2,11.5284259796379,0.955882,0.128205,-38.3013,C,T
Arsenic (III:1642838),III:1777405,Y39A3CL.4,TLDc domain-containing protein,WBGene00021442,5,11.452234962971,0.913212,0.133333,-16.726,T,C
Carbaryl (I:2596756),I:2590695,ptr-12,SSD domain-containing protein,WBGene00004226,21,11.2593303062002,0.920876,0.45641,-11.8152,T,C
Carbaryl (I:2596756),I:2600381,K07A3.3,Uncharacterized protein,WBGene00019461,21,11.2593303062002,0.920876,0.45641,-11.8152,C,T
Nickel (V:1486141),V:1456345,chil-14,CHItinase-Like,WBGene00019980,12,11.1846294196332,0.969315,0.205128,-25.8367,A,T
Mercury (III:2461452),III:2445451,E02H9.7,Uncharacterized protein,WBGene00017105,2,11.157084869003,0.913212,0.133333,-37.8698,T,G
Silver 7.8 uM (II:11883855),II:11873260,npp-3,Nuclear Pore complex Protein,WBGene00003789,,11.0623722750461,1,0.0923077,9.21609,C,T
Silver 7.8 uM (II:11883855),II:11915019,ZK930.7,Uncharacterized protein,WBGene00014157,,11.0623722750461,1,0.0923077,9.21609,A,C
Chlorothalonil (III:4478684),III:4929670,set-2,Histone-lysine N-methyltransferase set-2,WBGene00004782,9,10.8946311493124,0.932347,0.338462,-7.34136,A,T
Chlorothalonil (III:4478684),III:4802173,tag-325,Rho-GAP domain-containing protein;WW domain-containing protein tag-325,WBGene00008006,9,10.8946311493124,0.932347,0.338462,-7.34136,A,G
Chlorothalonil (III:4478684),III:4858775,C35D10.7,Uncharacterized protein,WBGene00016444,9,10.8946311493124,0.932347,0.338462,-7.34136,T,A
Chlorothalonil (III:4478684),III:5054749,C45G9.9,Uncharacterized protein,WBGene00016680,9,10.8946311493124,0.932347,0.338462,-7.34136,C,T
Chlorothalonil (III:4478684),III:5333344,sorf-2,Suppressor of organelle fusion 2,WBGene00018672,9,10.8946311493124,0.932347,0.338462,-7.34136,T,G
Chlorothalonil (III:4478684),III:5398312,Y32H12A.8,WD_REPEATS_REGION domain-containing protein,WBGene00021316,9,10.8946311493124,0.932347,0.338462,-7.34136,A,C
Chlorothalonil (III:4478684),III:7004710,C06E8.5,Uncharacterized protein,WBGene00015544,9,10.8699038398178,0.850514,0.358974,-7.23409,T,C
Chlorothalonil (III:4478684),III:6966379,panl-2,PAN (PolyA-specific riboNucLease) subunit,WBGene00017951,9,10.8699038398178,0.850514,0.358974,-7.23409,T,A
Arsenic (III:1642838),III:1879362,smi-1,Gem-associated protein 2;SMN (survival of motor neuron) protein Interactor,WBGene00004886,5,10.8683017341512,0.873703,0.138462,-16.025,G,A
Zinc (I:4884561),I:5089704,kin-32,Inactive tyrosine-protein kinase kin-32,WBGene00002213,,10.6563550139521,0.769176,0.123077,-8.66055,G,T
Zinc (I:4884561),I:4791537,zig-7,Zwei Ig domain protein zig-7,WBGene00006984,,10.6563550139521,0.769176,0.123077,-8.66055,C,T
Zinc (I:4884561),I:4696691,chd-7,Chromodomain and Helicase Domain protein,WBGene00007053,,10.6563550139521,0.769176,0.123077,-8.66055,G,T
Zinc (I:4884561),I:4648040,B0041.8,Uncharacterized protein,WBGene00015011,,10.6563550139521,0.769176,0.123077,-8.66055,C,T
Zinc (I:4884561),I:5052407,C46H11.2,Flavin-containing monooxygenase,WBGene00016728,,10.6563550139521,0.769176,0.123077,-8.66055,G,A
Zinc (I:4884561),I:5044534,phat-1,PHAryngeal gland Toxin-related,WBGene00016732,,10.6563550139521,0.769176,0.123077,-8.66055,A,C
Zinc (I:4884561),I:5116136,elpc-1,Elongator complex protein 1,WBGene00022463,,10.6563550139521,0.769176,0.123077,-8.66055,C,T
Zinc (I:4884561),I:4643180,Y119C1A.1,RanBP2-type domain-containing protein,WBGene00022466,,10.6563550139521,0.769176,0.123077,-8.66055,C,T
Zinc (I:4884561),I:4984654,W03G9.10,Uncharacterized protein,WBGene00195069,,10.6563550139521,0.769176,0.123077,-8.66055,A,G
Chlorothalonil (III:4478684),III:6771232,dig-1,Mesocentin,WBGene00000998,9,10.3755893814641,0.890227,0.348718,-7.10739,A,G
Chlorothalonil (III:4478684),III:7148911,ogt-1,Protein O-GlcNAc transferase;UDP-N-acetylglucosamine--peptide N-acetylglucosaminyltransferase,WBGene00003858,9,10.3755893814641,0.890227,0.348718,-7.10739,C,T
Chlorothalonil (III:4478684),III:6465956,nduf-2.2,Complex I-49kD,WBGene00006463,9,10.3755893814641,0.890227,0.348718,-7.10739,T,C
Chlorothalonil (III:4478684),III:5832158,mdt-15,Mediator of RNA polymerase II transcription subunit 15,WBGene00007016,9,10.3755893814641,0.890227,0.348718,-7.10739,C,A
Chlorothalonil (III:4478684),III:7137768,B0280.11,Putative tyrosine-protein phosphatase B0280.11,WBGene00015106,9,10.3755893814641,0.890227,0.348718,-7.10739,T,C
Chlorothalonil (III:4478684),III:7198003,exos-9,Exosome complex component RRP45,WBGene00018154,9,10.3755893814641,0.890227,0.348718,-7.10739,A,C
Chlorothalonil (III:4478684),III:7229752,R151.8,Myb-like domain-containing protein,WBGene00020111,9,10.3755893814641,0.890227,0.348718,-7.10739,T,C
Chlorothalonil (III:4478684),III:7070739,tmem-17,uncharacterized protein,WBGene00022733,9,10.3755893814641,0.890227,0.348718,-7.10739,G,A
Chlorothalonil (III:4478684),III:6736329,Y102E9.6,Uncharacterized protein,WBGene00044453,9,10.3755893814641,0.890227,0.348718,-7.10739,G,A
Mercury (III:2461452),III:2462877,E02H9.3,Uncharacterized protein,WBGene00017101,2,10.3545736519513,1,0.133333,-35.6024,C,A
Chlorothalonil (III:4478684),III:5625493,daf-4,Cell surface receptor daf-4;Receptor protein serine/threonine kinase;Serine/threonine-protein kinase receptor,WBGene00000900,9,10.2567995859738,0.910972,0.34359,-7.08925,T,C
Arsenic (III:1642838),III:1630954,Y22D7AL.11,Uncharacterized protein,WBGene00021249,5,10.1961902070448,0.770979,0.153846,-14.8402,A,T
Arsenic (II:13692527),II:13911851,W02B8.2,Uncharacterized protein,WBGene00012198,7,9.94804150214606,0.909302,0.117949,-16.3852,T,C
Arsenic (II:13692527),II:13949709,sre-44,"Serpentine Receptor, class E (epsilon)",WBGene00012329,7,9.94804150214606,0.909302,0.117949,-16.3852,C,G
Chlorothalonil (III:2605810),III:2608046,Y71H2B.5,Uncharacterized protein,WBGene00022195,20,9.55223789890646,0.881617,0.271795,-7.28691,A,G
Mercury (III:2461452),III:2361029,gip-1,Gamma-tubulin complex component,WBGene00001589,2,9.41331371650101,0.912281,0.123077,-35.075,T,G
Mercury (III:2461452),III:2453620,nhr-121,Nuclear hormone receptor family member nhr-121,WBGene00003711,2,9.41331371650101,0.912281,0.123077,-35.075,T,G
Mercury (III:2461452),III:2476602,smg-6,PINc domain-containing protein,WBGene00004884,2,9.41331371650101,0.912281,0.123077,-35.075,A,G
Mercury (III:2461452),III:2448108,klo-2,KLOtho (mammalian aging-associated protein) homolog,WBGene00017103,2,9.41331371650101,0.912281,0.123077,-35.075,C,T
Chlorothalonil (III:4478684),III:5018997,wip-1,WH2 domain-containing protein,WBGene00020094,9,9.38776155523722,0.850514,0.358974,-6.69938,G,C
Chlorothalonil (III:4478684),III:5094917,F54D8.10,Uncharacterized protein,WBGene00284847,9,9.38776155523722,0.850514,0.358974,-6.69938,T,A
Chlorothalonil (III:4478684),III:3761994,C44F1.1,Uncharacterized protein,WBGene00008091,9,9.37048095551166,0.850514,0.358974,-6.69283,T,C
Arsenic (III:1642838),III:1752326,Y46E12A.3,Glutaredoxin domain-containing protein,WBGene00021593,5,9.3669403822992,0.802859,0.148718,-14.3903,T,C
Nickel (II:12203935),II:12339975,sop-2,Polycomb protein sop-2,WBGene00004945,,9.12589812571181,0.762082,0.0923077,-30.8523,T,G
Nickel (II:12203935),II:12295844,Y57A10A.31,RING-type domain-containing protein,WBGene00013270,,9.12589812571181,0.762082,0.0923077,-30.8523,T,A
Nickel (II:12203935),II:12306717,C50E10.2,Uncharacterized protein,WBGene00016826,,9.12589812571181,0.762082,0.0923077,-30.8523,C,T
Nickel (II:12203935),II:12321580,sre-53,"Serpentine Receptor, class E (epsilon)",WBGene00016827,,9.12589812571181,0.762082,0.0923077,-30.8523,T,A
Nickel (II:12203935),II:12329751,sre-55,"Serpentine Receptor, class E (epsilon)",WBGene00016830,,9.12589812571181,0.762082,0.0923077,-30.8523,C,T
Nickel (II:12203935),II:12304155,sre-50,"Serpentine Receptor, class E (epsilon)",WBGene00016834,,9.12589812571181,0.762082,0.0923077,-30.8523,A,C
Chlorothalonil (III:4478684),III:6262052,srg-4,Serpentine receptor class gamma-4,WBGene00005162,9,8.97514177558146,0.831497,0.364103,-6.52098,T,C
Chlorothalonil (III:4478684),III:6623029,copd-1,putative coatomer subunit delta,WBGene00015734,9,8.97514177558146,0.831497,0.364103,-6.52098,T,C
Chlorothalonil (III:4478684),III:6192023,C23G10.5,FBA_2 domain-containing protein,WBGene00016012,9,8.97514177558146,0.831497,0.364103,-6.52098,A,C
Chlorothalonil (III:4478684),III:5346432,thoc-5,THO Complex (transcription factor/nuclear export) subunit,WBGene00021311,9,8.95700909002377,0.813008,0.369231,-6.495,A,T
Chlorothalonil (III:4478684),III:5309166,mog-3,Masculinization Of Germline,WBGene00003391,9,8.90733628342662,0.831497,0.364103,-6.49457,A,G
Arsenic (II:13692527),II:14009212,F01D5.7,Hydrolase_4 domain-containing protein,WBGene00008497,7,8.89356805364019,0.824891,0.128205,-14.8966,G,A
Arsenic (II:13692527),II:14020696,F01D5.10,Uncharacterized protein,WBGene00008500,7,8.89356805364019,0.824891,0.128205,-14.8966,T,C
Chlorothalonil (III:4478684),III:3393683,mlc-4,Myosin regulatory light chain,WBGene00003372,9,8.69894291173984,0.781655,0.302564,-6.71463,T,C
Chlorothalonil (III:4478684),III:3402234,npp-9,Nuclear Pore complex Protein,WBGene00003795,9,8.69894291173984,0.781655,0.302564,-6.71463,A,G
Arsenic (II:13692527),II:13991577,Y39G8B.5,Protein kinase domain-containing protein,WBGene00012726,7,8.68288774611376,0.752988,0.138462,-14.2354,T,G
Paraquat 62.5 uM (II:13675568),II:13759392,arrd-13,Arrestin_C domain-containing protein,WBGene00011054,16,8.61173466674956,0.928379,0.169231,15.7558,C,T
Paraquat 62.5 uM (I:11258815),I:10148482,F16C3.1,G_PROTEIN_RECEP_F1_2 domain-containing protein,WBGene00008885,,8.6070467854991,0.904177,0.0512821,26.185,A,C
Carbaryl (I:2596756),I:2622341,Y23H5A.2,Uncharacterized protein,WBGene00021269,21,8.50364537887097,0.863254,0.451282,-10.2004,C,A
Mancozeb (II:10305644),II:10728963,mks-5,Protein fantom,WBGene00007490,,8.46476678923786,0.824324,0.0512821,10.9106,A,G
Mancozeb (II:10305644),II:10586972,algn-9,"Alpha-1,2-mannosyltransferase algn-9",WBGene00007556,,8.46476678923786,0.824324,0.0512821,10.9106,A,G
Mancozeb (II:10305644),II:10596123,C14A4.7,Uncharacterized protein,WBGene00007558,,8.46476678923786,0.824324,0.0512821,10.9106,C,A
Silver 7.8 uM (II:11883855),II:11704115,xpf-1,ERCC4 domain-containing protein,WBGene00008140,,8.2927824433351,0.878957,0.0820513,8.3463,C,T
Silver 7.8 uM (II:11883855),II:11707685,F13D12.9,Uncharacterized protein,WBGene00008743,,8.2927824433351,0.878957,0.0820513,8.3463,A,C
Silver 7.8 uM (II:11883855),II:11799176,hda-5,Hist_deacetyl domain-containing protein,WBGene00009663,,8.2927824433351,0.878957,0.0820513,8.3463,A,G
Silver 7.8 uM (II:11883855),II:11864318,K12D12.4,Uncharacterized protein,WBGene00010786,,8.2927824433351,0.878957,0.0820513,8.3463,C,T
Silver 7.8 uM (II:11883855),II:11832243,clec-144,C-type lectin domain-containing protein,WBGene00012086,,8.2927824433351,0.878957,0.0820513,8.3463,G,T
Carboxin (III:2527992),III:2528148,rbc-2,RaBConnectin related,WBGene00004314,4,8.18088168199666,0.781145,0.492308,12.0098,A,G
Cadmium (X:5955567),X:6727747,K11G12.6,Lipase maturation factor,WBGene00019657,22,7.9481307355124,0.777538,0.323077,14.6223,A,G
Aldicarb (X:13252751),X:13219097,asp-4,Aspartic protease 4,WBGene00000217,17,7.80026600969103,0.782242,0.230769,21.585,A,G
Aldicarb (X:13252751),X:13239655,K08H2.4,Uncharacterized protein,WBGene00010691,17,7.75536685523969,0.887446,0.210256,21.9015,C,A
Paraquat 62.5 uM (X:2848181),X:3236299,irg-7,Protein irg-7,WBGene00018237,,7.72532574292636,0.889831,0.102564,17.4978,C,T
"2,4-D (V:14453636)",V:14554027,C53A5.13,Fibronectin type-III domain-containing protein,WBGene00008270,,7.68753281821932,0.77675,0.0666667,16.5498,A,T
Aldicarb (IV:16631628),IV:16738382,Y51H4A.24,EGF-like domain-containing protein,WBGene00013118,19,7.68734745150345,1,0.45641,-20.9067,G,T
Chlorothalonil (III:1455164),III:1357736,Y82E9BR.8,Uncharacterized protein,WBGene00022341,18,7.67281100605279,0.820862,0.246154,-6.68635,C,G
Chlorothalonil (III:1455164),III:1355001,Y82E9BL.1,Uncharacterized protein,WBGene00022318,18,7.62071748691514,0.796845,0.230769,-6.81021,A,C
Chlorothalonil (III:1455164),III:1359420,Y82E9BR.9,Uncharacterized protein,WBGene00022342,18,7.52603620352968,0.7963,0.241026,-6.6629,C,T
Atrazine (II:12658388),II:12681744,cox-10,Heme O synthase,WBGene00012895,,7.48360309639195,1,0.0871795,-12.7805,C,T
Atrazine (II:12658388),II:12630464,Y38E10A.28,Uncharacterized protein,WBGene00044034,,7.48360309639195,1,0.0871795,-12.7805,T,G
Atrazine (II:12658388),II:12679462,Y38E10A.33,Uncharacterized protein,WBGene00271657,,7.48360309639195,1,0.0871795,-12.7805,A,G
Paraquat 62.5 uM (X:2848181),X:3249081,pqn-37,Prion-like-(Q/N-rich)-domain-bearing protein,WBGene00004124,,7.46657788157224,0.819444,0.0769231,20.0848,T,C
Paraquat 62.5 uM (X:2848181),X:3263740,fbxb-71,F-box domain-containing protein,WBGene00018236,,7.46657788157224,0.760589,0.0717949,20.0848,G,C
Mercury (II:626831),II:627888,arrd-1,Arrestin_C domain-containing protein,WBGene00020205,6,7.45747247007584,1,0.117949,-31.4304,G,T
Propoxur (V:5315004),V:5531951,grl-1,Ground-like domain-containing protein,WBGene00001710,8,7.28157492847976,0.832038,0.138462,6.11585,A,G
Propoxur (V:5315004),V:5524797,hir-1,Receptor protein-tyrosine kinase,WBGene00016059,8,7.28157492847976,0.832038,0.138462,6.11585,G,T
Propoxur (V:5315004),V:5519876,mms-19,MMS19 nucleotide excision repair protein,WBGene00016060,8,7.28157492847976,0.832038,0.138462,6.11585,A,G
Mercury (I:2994073),I:2986371,supr-1,SUPpressor of Rpm-1,WBGene00022124,,7.13788442283256,0.904177,0.0512821,-38.0382,C,T
Paraquat 62.5 uM (II:13675568),II:13776518,C01B9.1,Uncharacterized protein,WBGene00007220,16,6.98219869200524,0.927938,0.158974,14.5559,G,T
Paraquat 62.5 uM (II:13675568),II:13723144,Y54G9A.5,Uncharacterized protein,WBGene00013208,16,6.98219869200524,0.927938,0.158974,14.5559,A,G
Nickel (II:12203935),II:12152593,Y57A10A.4,Uncharacterized protein,WBGene00013249,,6.87640197132414,0.812143,0.0871795,-26.596,A,G
Nickel (II:12203935),II:12155226,Y57A10A.5,Uncharacterized protein,WBGene00013250,,6.87640197132414,0.812143,0.0871795,-26.596,T,C
Nickel (II:12203935),II:12169209,Y57A10A.8,Uncharacterized protein,WBGene00013253,,6.87640197132414,0.812143,0.0871795,-26.596,A,G
Chlorothalonil (III:2605810),III:2605333,Y71H2B.11,Uncharacterized protein,WBGene00022198,20,6.65156387362173,0.86656,0.328205,-5.6681,G,T
Paraquat 62.5 uM (II:13675568),II:13765443,arrd-11,Arrestin_C domain-containing protein,WBGene00011052,16,6.47319102118204,0.892607,0.164103,13.7159,C,T
Aldicarb (IV:16631628),IV:16989319,Y116A8C.11,Uncharacterized protein,WBGene00013791,19,6.1747962138913,0.940012,0.471795,-18.4316,G,A
Aldicarb (IV:16631628),IV:16867801,T06A10.107,Uncharacterized protein,WBGene00235300,19,6.1747962138913,0.940012,0.471795,-18.4316,T,G
Mercury (V:15476283),V:15677758,nhr-52,Nuclear hormone receptor family member nhr-52,WBGene00003642,,5.93650677512731,0.756757,0.0666667,-35.4415,G,A
Mercury (III:3716201),III:3705516,wdr-5.1,WD repeat-containing protein wdr-5.1,WBGene00006474,11,5.90954544711396,0.849913,0.107692,-29.6233,A,G
Mercury (III:3716201),III:3708407,dph-1,2-(3-amino-3-carboxypropyl)histidine synthase subunit 1,WBGene00007576,11,5.90954544711396,0.849913,0.107692,-29.6233,A,G
Mercury (III:10133612),III:10243342,Y70G10A.3,Solute carrier organic anion transporter family member,WBGene00013499,,5.56430318091806,1,0.0615385,32.7196,G,A
Aldicarb (IV:16631628),IV:16629576,Y51H4A.936,Uncharacterized protein,WBGene00194924,19,5.48783273688226,0.797642,0.487179,16.535,A,T
